rep_number,x0,x1,x2,x3,x4,x5,x6,x7,x8,x9,x10,x11,x12,x13,x14,x15,x16,x17,x18,x19,x20,x21,x22,x23,x24,x25,x26,x27,x28,x29,x30,x31,x32,y0,y1,y2,y3,y4,y5,y6,y7,y8,y9,y10,y11,y12,y13,y14,y15,y16,y17,y18,y19,y20,y21,y22,y23,y24,y25,y26,y27,y28,y29,y30,y31,y32,z0,z1,z2,z3,z4,z5,z6,z7,z8,z9,z10,z11,z12,z13,z14,z15,z16,z17,z18,z19,z20,z21,z22,z23,z24,z25,z26,z27,z28,z29,z30,z31,z32,label
1,0.47806161642074585,0.48318952322006226,0.4859001636505127,0.4885657727718353,0.4771767556667328,0.4758415222167969,0.47472530603408813,0.5050038695335388,0.48421692848205566,0.48777714371681213,0.4801916480064392,0.5594018697738647,0.4716131091117859,0.5791158080101013,0.46413254737854004,0.5663765668869019,0.46811825037002563,0.5598310828208923,0.4700438380241394,0.5566437840461731,0.47104936838150024,0.5578109622001648,0.4724264144897461,0.5470012426376343,0.4968404173851013,0.5445175170898438,0.49963098764419556,0.5336683988571167,0.5022218227386475,0.5336541533470154,0.5059133172035217,0.526027262210846,0.4880724847316742,0.18751591444015503,0.16811871528625488,0.16625858843326569,0.1644294112920761,0.17206792533397675,0.17293338477611542,0.17382633686065674,0.16530832648277283,0.17173804342746735,0.19941741228103638,0.20272444188594818,0.2403252124786377,0.2586194574832916,0.37029537558555603,0.38756048679351807,0.36963725090026855,0.35903045535087585,0.3746222257614136,0.35905787348747253,0.3496965765953064,0.3405548632144928,0.3481007516384125,0.3389388918876648,0.5040426254272461,0.510810375213623,0.7069281935691833,0.6921576857566833,0.8718962073326111,0.8594607710838318,0.8965632915496826,0.8823525309562683,0.9345165491104126,0.9209854006767273,-0.10347876697778702,-0.11242946237325668,-0.11249611526727676,-0.11253003031015396,-0.08742572367191315,-0.08742515742778778,-0.08746907114982605,-0.08775623142719269,0.02549969218671322,-0.0892920047044754,-0.05662841349840164,-0.05841202661395073,0.10518046468496323,-0.12985076010227203,0.056593894958496094,-0.2709450125694275,-0.15918698906898499,-0.3093753457069397,-0.19255231320858002,-0.31125280261039734,-0.19684584438800812,-0.27225127816200256,-0.1664007306098938,-0.04788096994161606,0.04804997891187668,-0.11094413697719574,0.0436212494969368,0.02909368835389614,0.21193477511405945,0.03824353218078613,0.22586432099342346,-0.07125533372163773,0.12326440960168839,Perfect
1,0.47774991393089294,0.4830394387245178,0.485560804605484,0.48810702562332153,0.47681349515914917,0.4754568934440613,0.47438687086105347,0.504672646522522,0.48426303267478943,0.48757416009902954,0.48010683059692383,0.5590093731880188,0.47276487946510315,0.5791405439376831,0.4627867341041565,0.5611662864685059,0.4698598384857178,0.557731032371521,0.47170791029930115,0.5566621422767639,0.47183194756507874,0.5568075180053711,0.47353607416152954,0.5469432473182678,0.4972882866859436,0.54451984167099,0.5002812147140503,0.5333036184310913,0.503279447555542,0.5334275960922241,0.5063342452049255,0.5260566473007202,0.48681625723838806,0.18565022945404053,0.166269913315773,0.1644515097141266,0.16262419521808624,0.1700746715068817,0.1709233969449997,0.1718020737171173,0.16326266527175903,0.16944456100463867,0.19713939726352692,0.20007877051830292,0.23836925625801086,0.25599977374076843,0.37106576561927795,0.38782089948654175,0.3350679874420166,0.33508536219596863,0.2985500991344452,0.32612383365631104,0.2807586193084717,0.3083968162536621,0.29948848485946655,0.31030696630477905,0.5018566846847534,0.508053183555603,0.7066321969032288,0.6919571161270142,0.8720366358757019,0.8591611385345459,0.8958491683006287,0.8815951943397522,0.9340754747390747,0.920925498008728,-0.08545875549316406,-0.09693045914173126,-0.09697158634662628,-0.09699888527393341,-0.06983136385679245,-0.06982938945293427,-0.06989102065563202,-0.0845847874879837,0.0376875065267086,-0.0758562684059143,-0.0406368151307106,-0.05573536828160286,0.10774952173233032,-0.13988527655601501,0.04345894232392311,-0.2658555805683136,-0.16617420315742493,-0.29843562841415405,-0.19511868059635162,-0.292534738779068,-0.19354116916656494,-0.26268061995506287,-0.17089079320430756,-0.0478755347430706,0.04804011434316635,-0.10705319792032242,0.042225196957588196,0.03617691993713379,0.2114551067352295,0.04548387974500656,0.22559258341789246,-0.06357750296592712,0.1245339885354042,Perfect
1,0.47754520177841187,0.4827794134616852,0.48548048734664917,0.4880353510379791,0.4764687418937683,0.47519809007644653,0.47422537207603455,0.5045041441917419,0.48450416326522827,0.48746585845947266,0.48062214255332947,0.5589135885238647,0.47476083040237427,0.5791569948196411,0.46258848905563354,0.5615299344062805,0.4701768457889557,0.5582419633865356,0.4717635214328766,0.5580348372459412,0.47187596559524536,0.5576130151748657,0.47351574897766113,0.5468488931655884,0.4972754418849945,0.5444278120994568,0.5002524256706238,0.5329359173774719,0.5030917525291443,0.5323871374130249,0.506719172000885,0.5224176645278931,0.4865295886993408,0.18548674881458282,0.16583751142024994,0.16385680437088013,0.16179965436458588,0.16988928616046906,0.17078958451747894,0.17169973254203796,0.16165372729301453,0.16925828158855438,0.19695737957954407,0.20014475286006927,0.23839201033115387,0.2559579610824585,0.37437617778778076,0.3883616030216217,0.29289719462394714,0.3131565749645233,0.26356345415115356,0.2952406704425812,0.2480749934911728,0.281033456325531,0.254886656999588,0.28523361682891846,0.5029141902923584,0.5080118775367737,0.7081876397132874,0.697161078453064,0.8729918003082275,0.8640455603599548,0.898009181022644,0.8838579654693604,0.9354809522628784,0.9222750067710876,-0.10137178003787994,-0.11353887617588043,-0.11358662694692612,-0.11362634599208832,-0.08613509684801102,-0.08613349497318268,-0.08620555698871613,-0.10245299339294434,0.021703973412513733,-0.09197200834751129,-0.056254833936691284,-0.07328172028064728,0.09563450515270233,-0.17674580216407776,0.014163549058139324,-0.2932771146297455,-0.2131202220916748,-0.3234561085700989,-0.24285824596881866,-0.3096558749675751,-0.23821349442005157,-0.2880032956600189,-0.21735890209674835,-0.04974508285522461,0.049889907240867615,-0.10162585973739624,0.04694027081131935,0.034728042781353,0.2114216387271881,0.042683493345975876,0.22525861859321594,-0.06766778975725174,0.12529727816581726,Perfect
1,0.477435827255249,0.48246583342552185,0.4849723279476166,0.48751839995384216,0.47634512186050415,0.4751177728176117,0.4741937220096588,0.5036436319351196,0.4843907356262207,0.48732709884643555,0.4806152880191803,0.5588310360908508,0.4753183424472809,0.5790889263153076,0.46205243468284607,0.5614970326423645,0.4700383245944977,0.5578046441078186,0.47173547744750977,0.5545116662979126,0.471902459859848,0.5574882626533508,0.47346028685569763,0.5467621088027954,0.4972364902496338,0.5444701313972473,0.5001077055931091,0.5330173373222351,0.5030521154403687,0.5349830985069275,0.506758987903595,0.5242384672164917,0.4861345887184143,0.18464891612529755,0.1650058478116989,0.1629960834980011,0.16082769632339478,0.1692545861005783,0.17025764286518097,0.1712598353624344,0.16051936149597168,0.1691465973854065,0.19643205404281616,0.1997106820344925,0.23888953030109406,0.2565402388572693,0.3764245808124542,0.3891250491142273,0.27102774381637573,0.3108930289745331,0.24010998010635376,0.2921094596385956,0.2174752801656723,0.27875927090644836,0.24037876725196838,0.28248435258865356,0.5040490627288818,0.5082641243934631,0.7152489423751831,0.7025918960571289,0.8795198798179626,0.8712397813796997,0.9039207696914673,0.8886164426803589,0.9374449253082275,0.9240315556526184,-0.09847734123468399,-0.10992302000522614,-0.10998163372278214,-0.11003617942333221,-0.08269158005714417,-0.08269782364368439,-0.08277395367622375,-0.09749194234609604,0.025356527417898178,-0.0887412577867508,-0.053448986262083054,-0.07128708064556122,0.0952247604727745,-0.18312154710292816,0.0070661818608641624,-0.2940513789653778,-0.21919354796409607,-0.32479971647262573,-0.24932582676410675,-0.30972912907600403,-0.24378104507923126,-0.28841114044189453,-0.22309760749340057,-0.0501653254032135,0.05030801147222519,-0.10212697833776474,0.04728053882718086,0.020281413570046425,0.21142351627349854,0.02736382558941841,0.22522059082984924,-0.08263610303401947,0.1252484768629074,Perfect
1,0.47736310958862305,0.48205623030662537,0.48444995284080505,0.4869270324707031,0.4761282801628113,0.47493642568588257,0.4740583896636963,0.5024713277816772,0.48429760336875916,0.4872235357761383,0.48064932227134705,0.5588010549545288,0.4759531021118164,0.5789945125579834,0.46160954236984253,0.560030996799469,0.4700375497341156,0.5575997829437256,0.47148337960243225,0.5553438663482666,0.4717414975166321,0.5574037432670593,0.4733273983001709,0.5467205047607422,0.49725160002708435,0.5444146394729614,0.5000894069671631,0.5330451726913452,0.5030971765518188,0.5354987382888794,0.5068467259407043,0.5245550870895386,0.4855191111564636,0.18452198803424835,0.16479676961898804,0.16269785165786743,0.16042156517505646,0.16919751465320587,0.17022134363651276,0.1712273210287094,0.1597345620393753,0.16909538209438324,0.19632047414779663,0.1997411698102951,0.23919862508773804,0.256940633058548,0.3784375488758087,0.38986727595329285,0.3018435835838318,0.31181302666664124,0.27441176772117615,0.29309600591659546,0.260447233915329,0.2793910801410675,0.2670636773109436,0.2831156551837921,0.5043689012527466,0.5083473324775696,0.7152920961380005,0.7031195163726807,0.8789911866188049,0.8709471821784973,0.9040547609329224,0.8885020613670349,0.938480794429779,0.9241814613342285,-0.08394202589988708,-0.09647564589977264,-0.09652881324291229,-0.096573606133461,-0.0691826194524765,-0.0691905990242958,-0.06926118582487106,-0.09030521661043167,0.032784417271614075,-0.07666222006082535,-0.041245389729738235,-0.06891562044620514,0.09990107268095016,-0.1700933426618576,0.015065038576722145,-0.27235087752342224,-0.20206649601459503,-0.3103577196598053,-0.23138098418712616,-0.28660231828689575,-0.2260807752609253,-0.2760767638683319,-0.20599409937858582,-0.05072055011987686,0.05085884407162666,-0.10012958198785782,0.05232762172818184,0.024717431515455246,0.2122790813446045,0.031807176768779755,0.22556905448436737,-0.07544033229351044,0.12825444340705872,Perfect
1,0.47730106115341187,0.48196443915367126,0.48429346084594727,0.48671069741249084,0.4760712683200836,0.4749079644680023,0.47402486205101013,0.5021124482154846,0.48429590463638306,0.4871436059474945,0.4807106554508209,0.5589244365692139,0.4759775698184967,0.5788694620132446,0.4614035189151764,0.5591619610786438,0.46987366676330566,0.557470440864563,0.4712492525577545,0.5560131669044495,0.47169265151023865,0.557361900806427,0.4732843339443207,0.5463480949401855,0.49719804525375366,0.5443693995475769,0.5000516772270203,0.5330433249473572,0.5031464099884033,0.5358280539512634,0.5069950222969055,0.5256422758102417,0.48511987924575806,0.18515968322753906,0.16545023024082184,0.1631944179534912,0.16080106794834137,0.16988933086395264,0.1707543134689331,0.17157182097434998,0.15982776880264282,0.1692129373550415,0.19681213796138763,0.2004600316286087,0.23924660682678223,0.257223516702652,0.3793463408946991,0.39053043723106384,0.3033534288406372,0.3131599724292755,0.27444908022880554,0.2945466637611389,0.2619427442550659,0.280438095331192,0.2713477313518524,0.28377529978752136,0.5048133134841919,0.5085517168045044,0.7140606641769409,0.7025786638259888,0.8785689473152161,0.8705636858940125,0.9030904173851013,0.8875705003738403,0.9384762048721313,0.9241259098052979,-0.09732700884342194,-0.1087990552186966,-0.10885800421237946,-0.10890722274780273,-0.08228855580091476,-0.08229228854179382,-0.08236437290906906,-0.09733037650585175,0.022686291486024857,-0.08800029009580612,-0.05353868007659912,-0.07112699747085571,0.09246589243412018,-0.17385362088680267,0.006018776446580887,-0.28276944160461426,-0.2196374237537384,-0.31344181299209595,-0.2494087517261505,-0.2983078956604004,-0.245308518409729,-0.2791523039340973,-0.22417636215686798,-0.050488315522670746,0.05063735321164131,-0.10301037132740021,0.053928542882204056,0.00825929082930088,0.21369247138500214,0.014065057039260864,0.22658726572990417,-0.09699694812297821,0.12924151122570038,Perfect
1,0.4769924283027649,0.4813905358314514,0.4837614595890045,0.4861751198768616,0.4757310748100281,0.474665105342865,0.4738388955593109,0.5014766454696655,0.4842487871646881,0.4870227873325348,0.4806671738624573,0.558903157711029,0.4758915305137634,0.5788112282752991,0.46133774518966675,0.5576180815696716,0.4697340428829193,0.5558664202690125,0.4710632264614105,0.555465817451477,0.47157469391822815,0.5557685494422913,0.47324371337890625,0.5457209944725037,0.49710577726364136,0.5443502068519592,0.49999943375587463,0.5329552888870239,0.5030736923217773,0.534609317779541,0.507093071937561,0.5237352848052979,0.48496055603027344,0.1851850301027298,0.1654842495918274,0.16323453187942505,0.16085413098335266,0.16992677748203278,0.1707897037267685,0.17157842218875885,0.15993823111057281,0.16924899816513062,0.1969965249300003,0.2004929482936859,0.23944680392742157,0.2574559152126312,0.38062387704849243,0.3907628357410431,0.3083907961845398,0.31573486328125,0.2768790125846863,0.2973102033138275,0.26422223448753357,0.283387690782547,0.2747117280960083,0.28631317615509033,0.5051756501197815,0.508706271648407,0.7140840291976929,0.7026780247688293,0.8782169818878174,0.870020866394043,0.9024074077606201,0.8870552778244019,0.9405221939086914,0.9243999719619751,-0.0932014137506485,-0.10496197640895844,-0.10502201318740845,-0.10507667064666748,-0.07861274480819702,-0.07861454784870148,-0.07868066430091858,-0.09470256417989731,0.02484559267759323,-0.08415296673774719,-0.04985613748431206,-0.06979263573884964,0.09680156409740448,-0.16962341964244843,0.014859749004244804,-0.2730344533920288,-0.20311269164085388,-0.30331239104270935,-0.2320794314146042,-0.2929458022117615,-0.228849858045578,-0.2700221836566925,-0.2079876959323883,-0.05108286812901497,0.05122189596295357,-0.09713596105575562,0.058106064796447754,0.022090869024395943,0.2138800323009491,0.029496219009160995,0.22650372982025146,-0.08011068403720856,0.1298067718744278,Perfect
1,0.47695842385292053,0.48099416494369507,0.4833175539970398,0.4856664538383484,0.47560209035873413,0.47461777925491333,0.4737973213195801,0.5007966160774231,0.4842084050178528,0.4869960844516754,0.4807049632072449,0.5589035749435425,0.47611087560653687,0.5787936449050903,0.4612935185432434,0.5572157502174377,0.4697083830833435,0.5547956824302673,0.47069865465164185,0.555267870426178,0.4707396626472473,0.5552056431770325,0.47259265184402466,0.5456959009170532,0.49708858132362366,0.5443158745765686,0.500057578086853,0.5329850316047668,0.5042377710342407,0.5355046391487122,0.5071495771408081,0.523865818977356,0.4869629442691803,0.18516579270362854,0.1653100848197937,0.1630716472864151,0.16071262955665588,0.16968071460723877,0.17049342393875122,0.17122992873191833,0.15953192114830017,0.1689123958349228,0.1969987452030182,0.200504869222641,0.23967903852462769,0.2571597397327423,0.38123422861099243,0.39082327485084534,0.31142082810401917,0.3152470886707306,0.27816489338874817,0.2970092296600342,0.2642260789871216,0.2831639349460602,0.27520719170570374,0.28622937202453613,0.5052484273910522,0.5086345672607422,0.7134413719177246,0.7024735808372498,0.878257691860199,0.8693333864212036,0.9019098877906799,0.8874288201332092,0.9385337829589844,0.9244140386581421,-0.09545690566301346,-0.10749591886997223,-0.10756085813045502,-0.10761873424053192,-0.08068935573101044,-0.08069009333848953,-0.08075930923223495,-0.09787610173225403,0.02330407127737999,-0.08664999157190323,-0.051797054708004,-0.07425960153341293,0.09498456865549088,-0.17143681645393372,0.012375252321362495,-0.2742951512336731,-0.2123350203037262,-0.3041402995586395,-0.24210841953754425,-0.2931004762649536,-0.23918700218200684,-0.270205557346344,-0.2174665927886963,-0.05232493206858635,0.05247659236192703,-0.09725509583950043,0.05747232586145401,0.019627634435892105,0.21292062103748322,0.026581764221191406,0.225195974111557,-0.08011504262685776,0.1290220469236374,Perfect
1,0.4765129089355469,0.4802018105983734,0.48257070779800415,0.48492035269737244,0.47511640191078186,0.47426214814186096,0.47354036569595337,0.4999604821205139,0.4841940999031067,0.48662418127059937,0.4806872010231018,0.558966875076294,0.47613272070884705,0.5787573456764221,0.4612656235694885,0.5572272539138794,0.4695294499397278,0.5547159910202026,0.470282644033432,0.5553146600723267,0.4696412980556488,0.5551315546035767,0.47180333733558655,0.5456481575965881,0.4970647394657135,0.5442928671836853,0.5000672340393066,0.5334377884864807,0.5044140219688416,0.5359780192375183,0.5071408152580261,0.5243387818336487,0.4879959225654602,0.18505683541297913,0.16511183977127075,0.16292016208171844,0.16061758995056152,0.16932927072048187,0.17008817195892334,0.17077773809432983,0.15931440889835358,0.16853547096252441,0.19692730903625488,0.20040054619312286,0.23967823386192322,0.2567717730998993,0.3814108073711395,0.3909696042537689,0.3138345181941986,0.32084032893180847,0.285049706697464,0.3017871081829071,0.27166444063186646,0.28738194704055786,0.27653607726097107,0.29057589173316956,0.5054489374160767,0.5086596608161926,0.7133858799934387,0.7024452090263367,0.8772743344306946,0.8689591288566589,0.9012371301651001,0.8877774477005005,0.9362133741378784,0.924385130405426,-0.09828905016183853,-0.11021753400564194,-0.11028318107128143,-0.11033854633569717,-0.08333561569452286,-0.0833367258310318,-0.08340813219547272,-0.09984312951564789,0.02183719351887703,-0.08913713693618774,-0.054168056696653366,-0.07603305578231812,0.0939583033323288,-0.1745239496231079,0.013168342411518097,-0.2855782210826874,-0.21206733584403992,-0.31646183133125305,-0.24185749888420105,-0.3046085834503174,-0.2395637482404709,-0.2811375856399536,-0.21734082698822021,-0.05252347141504288,0.05267108604311943,-0.09765145927667618,0.05716194957494736,0.0244440995156765,0.21367216110229492,0.031906116753816605,0.22613415122032166,-0.07540427893400192,0.12959986925125122,Perfect
1,0.475944846868515,0.4797227382659912,0.48221009969711304,0.48466047644615173,0.47468966245651245,0.4738554358482361,0.4731209874153137,0.4997715950012207,0.4840657114982605,0.48605456948280334,0.4801143705844879,0.5589520335197449,0.47544246912002563,0.579240620136261,0.4611908793449402,0.556816577911377,0.4689587950706482,0.5541700124740601,0.46971362829208374,0.5547574162483215,0.468728244304657,0.5543738603591919,0.47096356749534607,0.5452332496643066,0.49664974212646484,0.544187068939209,0.5000029802322388,0.5326321125030518,0.5026247501373291,0.5328110456466675,0.5068498849868774,0.5243854522705078,0.48658353090286255,0.18524928390979767,0.16576984524726868,0.1636248230934143,0.1613846719264984,0.1695679873228073,0.17018435895442963,0.17078691720962524,0.15972799062728882,0.16856032609939575,0.19711129367351532,0.20041771233081818,0.23980480432510376,0.2562544643878937,0.38145750761032104,0.39173418283462524,0.3199114203453064,0.3274354040622711,0.29564327001571655,0.3121287524700165,0.2818675935268402,0.2969582974910736,0.2840690016746521,0.2993989586830139,0.5038556456565857,0.5079808831214905,0.7102957963943481,0.7007051110267639,0.8761181235313416,0.8663123846054077,0.895228385925293,0.8810334205627441,0.9357739686965942,0.9239273071289062,-0.09363821893930435,-0.10385581105947495,-0.10391119867563248,-0.10394948720932007,-0.0782049372792244,-0.07820546627044678,-0.07826299220323563,-0.08731195330619812,0.028700247406959534,-0.08249098062515259,-0.049089256674051285,-0.057705700397491455,0.10146397352218628,-0.14940086007118225,0.029360150918364525,-0.28230777382850647,-0.19813652336597443,-0.31127694249153137,-0.2246479094028473,-0.3027350604534149,-0.22912302613258362,-0.28050142526626587,-0.2059929370880127,-0.05004582926630974,0.05018329620361328,-0.0970468744635582,0.05212749168276787,0.035963915288448334,0.21320410072803497,0.044520460069179535,0.225778728723526,-0.06544853746891022,0.12698614597320557,Perfect
1,0.47536754608154297,0.4791736602783203,0.48173633217811584,0.4842635989189148,0.47428661584854126,0.47349733114242554,0.47278398275375366,0.49949517846107483,0.4839462637901306,0.48543065786361694,0.47958534955978394,0.5587438344955444,0.4751192629337311,0.579784095287323,0.4611944556236267,0.5556305050849915,0.46770578622817993,0.5522047281265259,0.46876201033592224,0.5527409911155701,0.4679587781429291,0.552649199962616,0.46998587250709534,0.5449945330619812,0.4962785840034485,0.544070303440094,0.4999876618385315,0.532469630241394,0.5025202631950378,0.5315672159194946,0.5068470239639282,0.5240412950515747,0.4848812222480774,0.18538740277290344,0.1662398725748062,0.16415847837924957,0.16198121011257172,0.16975276172161102,0.1702735871076584,0.17080360651016235,0.16010355949401855,0.1685732901096344,0.19726306200027466,0.2004251629114151,0.23990173637866974,0.2560141980648041,0.38123634457588196,0.3927609622478485,0.3250502347946167,0.3293747901916504,0.30521997809410095,0.31769663095474243,0.29188549518585205,0.3031296730041504,0.28779172897338867,0.30497726798057556,0.5032219290733337,0.5076459050178528,0.7100105285644531,0.7008962035179138,0.8762499690055847,0.8676049113273621,0.8959067463874817,0.882585883140564,0.9409910440444946,0.924554705619812,-0.09223582595586777,-0.10239261388778687,-0.1024409756064415,-0.10246932506561279,-0.0766669288277626,-0.07666995376348495,-0.07672369480133057,-0.08545642346143723,0.031380750238895416,-0.08092613518238068,-0.04735725373029709,-0.0577935166656971,0.10677923262119293,-0.14918644726276398,0.04122264310717583,-0.2789056897163391,-0.19060193002223969,-0.3106307089328766,-0.2232852280139923,-0.3020133078098297,-0.2280890941619873,-0.27619805932044983,-0.19823983311653137,-0.05018390342593193,0.05031628534197807,-0.09697111696004868,0.05357295274734497,0.031622618436813354,0.212167426943779,0.038940608501434326,0.2239888608455658,-0.07472007721662521,0.1235312819480896,Perfect
1,0.4749829173088074,0.47889846563339233,0.48148617148399353,0.48401889204978943,0.47410696744918823,0.47335830330848694,0.47267693281173706,0.49921852350234985,0.48388686776161194,0.4849308133125305,0.4791228175163269,0.5584968328475952,0.474712073802948,0.5797454118728638,0.46126264333724976,0.5557925701141357,0.4666086733341217,0.5521692037582397,0.46774300932884216,0.5525989532470703,0.46721869707107544,0.5525032877922058,0.4691144526004791,0.5447112917900085,0.49613386392593384,0.5437051653862,0.4999104142189026,0.532648503780365,0.5024305582046509,0.5316538214683533,0.5068420171737671,0.5240864753723145,0.48121780157089233,0.18539389967918396,0.16628402471542358,0.16423581540584564,0.16211028397083282,0.16976970434188843,0.17028234899044037,0.17078199982643127,0.16026191413402557,0.16859546303749084,0.19726982712745667,0.20012766122817993,0.2399485856294632,0.25608426332473755,0.38088375329971313,0.39368346333503723,0.33028167486190796,0.3297337293624878,0.30825603008270264,0.3197942078113556,0.2947244346141815,0.3061251640319824,0.2898898720741272,0.3075461983680725,0.503319263458252,0.5080500245094299,0.71244215965271,0.7040363550186157,0.8814375996589661,0.8739433884620667,0.9067583680152893,0.8931459188461304,0.9482652544975281,0.9306899309158325,-0.08983278274536133,-0.10001597553491592,-0.10006008297204971,-0.10009302198886871,-0.07460524141788483,-0.07460924237966537,-0.07466056197881699,-0.08208148181438446,0.033522963523864746,-0.07797118276357651,-0.04477303475141525,-0.057221293449401855,0.11294399201869965,-0.14989933371543884,0.045869238674640656,-0.27631330490112305,-0.18600308895111084,-0.30816441774368286,-0.22102820873260498,-0.3001648783683777,-0.2269267737865448,-0.2735458016395569,-0.19401490688323975,-0.05295748636126518,0.05308857560157776,-0.0920918881893158,0.059349458664655685,0.02361513301730156,0.20324842631816864,0.02896168828010559,0.21263515949249268,-0.08509650826454163,0.11320054531097412,Perfect
1,0.47471603751182556,0.47860097885131836,0.4812018871307373,0.4837246835231781,0.47391384840011597,0.4731918275356293,0.4725210666656494,0.4988892674446106,0.48382535576820374,0.4847008287906647,0.47898149490356445,0.5583608150482178,0.474651038646698,0.5797224044799805,0.4615904688835144,0.5556355118751526,0.465745210647583,0.5512899160385132,0.4663154184818268,0.5516819953918457,0.4661189913749695,0.5517577528953552,0.46816882491111755,0.544437050819397,0.4958001673221588,0.5434808731079102,0.49989062547683716,0.5325524806976318,0.5020970106124878,0.531319260597229,0.5066064596176147,0.5239447951316833,0.4802805781364441,0.1856490820646286,0.1668926626443863,0.16487956047058105,0.16278371214866638,0.1701071858406067,0.17050650715827942,0.1709180325269699,0.16064928472042084,0.1687365174293518,0.1975935399532318,0.2001808136701584,0.2399808019399643,0.2561391294002533,0.3807186186313629,0.39406126737594604,0.33329930901527405,0.3322035074234009,0.3144899010658264,0.32197487354278564,0.30010128021240234,0.30730828642845154,0.29251644015312195,0.30886316299438477,0.503230094909668,0.5080375075340271,0.7110342383384705,0.7039588093757629,0.8814789652824402,0.8730751872062683,0.9075422286987305,0.89225834608078,0.9477624893188477,0.9303507208824158,-0.09278689324855804,-0.10323108732700348,-0.1032789796590805,-0.10331574827432632,-0.07757251709699631,-0.07757636159658432,-0.07763228565454483,-0.08689288794994354,0.02966063655912876,-0.08154010772705078,-0.048061683773994446,-0.06130511686205864,0.10846762359142303,-0.15134425461292267,0.043312638998031616,-0.2756582796573639,-0.18366876244544983,-0.30754023790359497,-0.21613359451293945,-0.3000341057777405,-0.21947911381721497,-0.2728668451309204,-0.19100284576416016,-0.05315108224749565,0.053282368928194046,-0.0920545905828476,0.06149067357182503,0.017818983644247055,0.20363649725914001,0.02276794984936714,0.21318776905536652,-0.09102494269609451,0.11450616270303726,Perfect
1,0.4746463894844055,0.47854408621788025,0.48114147782325745,0.48366180062294006,0.4738903045654297,0.4731776714324951,0.4725063443183899,0.49881720542907715,0.4836908280849457,0.484552800655365,0.4788703918457031,0.5582127571105957,0.47451382875442505,0.5796656608581543,0.46160978078842163,0.5554986596107483,0.4655919075012207,0.5505272150039673,0.46627554297447205,0.5510690808296204,0.4661096930503845,0.5512551069259644,0.4681100845336914,0.5442178249359131,0.4952916204929352,0.5430048108100891,0.49976783990859985,0.5323830842971802,0.501914381980896,0.5312747359275818,0.5064432621002197,0.5238820314407349,0.4801904261112213,0.18566158413887024,0.16692471504211426,0.1649341881275177,0.16287274658679962,0.1701182723045349,0.17050711810588837,0.17088811099529266,0.16071030497550964,0.16874462366104126,0.19760623574256897,0.20010851323604584,0.24003450572490692,0.25605931878089905,0.38056161999702454,0.39406001567840576,0.3338334262371063,0.33322498202323914,0.3144868016242981,0.3218655586242676,0.3002355098724365,0.3060159683227539,0.2956486940383911,0.30751413106918335,0.5032678246498108,0.5082929730415344,0.7128050327301025,0.7051885724067688,0.8824212551116943,0.8733034133911133,0.9084048867225647,0.8921578526496887,0.9477739930152893,0.9301043748855591,-0.0970664992928505,-0.10727741569280624,-0.10733745992183685,-0.10738269984722137,-0.08158601075410843,-0.08159227669239044,-0.08164512366056442,-0.08844678103923798,0.02855725586414337,-0.0838199257850647,-0.05045156925916672,-0.06320508569478989,0.10714270174503326,-0.15451042354106903,0.042707063257694244,-0.2770184874534607,-0.18924322724342346,-0.3091093897819519,-0.22136589884757996,-0.30140262842178345,-0.22308340668678284,-0.2739722430706024,-0.19625110924243927,-0.053337462246418,0.053473301231861115,-0.09166695177555084,0.06607823073863983,0.020854033529758453,0.21730825304985046,0.026565689593553543,0.22768762707710266,-0.0872921347618103,0.12676070630550385,Perfect
1,0.47461289167404175,0.47852402925491333,0.4811241030693054,0.4836512506008148,0.47387728095054626,0.47314125299453735,0.47243446111679077,0.498807817697525,0.4834519028663635,0.4844840466976166,0.4787437319755554,0.5581421256065369,0.47449594736099243,0.5796397924423218,0.46163129806518555,0.5553692579269409,0.4654568135738373,0.5500844120979309,0.4661707282066345,0.5505286455154419,0.4660845398902893,0.5506502985954285,0.4680454134941101,0.5439042448997498,0.49489688873291016,0.5423160791397095,0.49968329071998596,0.5323470234870911,0.5018110275268555,0.5312021970748901,0.5064647793769836,0.5193719267845154,0.48006850481033325,0.18567174673080444,0.16703693568706512,0.16508392989635468,0.16307856142520905,0.1701589673757553,0.17052938044071198,0.17089878022670746,0.1609164923429489,0.16882315278053284,0.1976160854101181,0.20010392367839813,0.24014423787593842,0.2560827434062958,0.38053861260414124,0.3941289186477661,0.33539190888404846,0.33410409092903137,0.31695348024368286,0.3222285509109497,0.3026154339313507,0.30597415566444397,0.2961151897907257,0.3075839877128601,0.5033315420150757,0.5084789991378784,0.7128016352653503,0.7054063677787781,0.880397617816925,0.8727238774299622,0.9061136841773987,0.890644907951355,0.9473437070846558,0.9299735426902771,-0.10550625622272491,-0.11569388955831528,-0.11574610322713852,-0.11578202247619629,-0.09034101665019989,-0.09034673869609833,-0.0904015600681305,-0.0934765487909317,0.02207769826054573,-0.0915108472108841,-0.05842461436986923,-0.06386139243841171,0.10532905161380768,-0.15631544589996338,0.04087167978286743,-0.2809000313282013,-0.19140711426734924,-0.3125823140144348,-0.2233700454235077,-0.30490607023239136,-0.2249366044998169,-0.2777838706970215,-0.1982838213443756,-0.053329478949308395,0.05345968157052994,-0.08727028220891953,0.07041309773921967,0.033544640988111496,0.2229814976453781,0.03955012559890747,0.233642578125,-0.07821985334157944,0.13471780717372894,Perfect
1,0.4745424687862396,0.4784882962703705,0.48109856247901917,0.48363566398620605,0.4737754464149475,0.47298508882522583,0.4722166061401367,0.4987971782684326,0.4831262528896332,0.48440951108932495,0.47857895493507385,0.55830317735672,0.47417187690734863,0.5799099802970886,0.4614155888557434,0.5553978681564331,0.4653213620185852,0.5503047704696655,0.46610698103904724,0.5506548881530762,0.465860515832901,0.5507541298866272,0.4677964150905609,0.5439023375511169,0.4943033754825592,0.5423175692558289,0.4992016851902008,0.533847451210022,0.5009311437606812,0.5312620997428894,0.5063149929046631,0.5264554619789124,0.48011040687561035,0.18578384816646576,0.1672971248626709,0.16540703177452087,0.1634736806154251,0.1703556627035141,0.1707223653793335,0.17107833921909332,0.16137763857841492,0.16920462250709534,0.19792601466178894,0.2002256214618683,0.24103215336799622,0.2562651038169861,0.3815009593963623,0.39442771673202515,0.3427264392375946,0.33473891019821167,0.3292282521724701,0.32237425446510315,0.3124077320098877,0.305817574262619,0.30912837386131287,0.3078620731830597,0.5042917728424072,0.5093724727630615,0.7148598432540894,0.7079634666442871,0.8845459818840027,0.8726633787155151,0.9069535136222839,0.8905461430549622,0.9472949504852295,0.9300367832183838,-0.10896219313144684,-0.11843635141849518,-0.1184953823685646,-0.11854028701782227,-0.09431761503219604,-0.09432867914438248,-0.09438758343458176,-0.09388309717178345,0.01714520901441574,-0.09391199052333832,-0.06232373043894768,-0.06256307661533356,0.10094481706619263,-0.1523919701576233,0.03441494330763817,-0.28182142972946167,-0.19295868277549744,-0.31394702196121216,-0.2253536880016327,-0.3078377842903137,-0.22632642090320587,-0.27938607335090637,-0.19932830333709717,-0.05200575664639473,0.052134715020656586,-0.08893071860074997,0.06955550611019135,0.023129357025027275,0.22702565789222717,0.028556620702147484,0.23857562243938446,-0.08867411315441132,0.13931366801261902,Perfect
1,0.47449931502342224,0.4784604012966156,0.48108768463134766,0.4836726188659668,0.47372737526893616,0.47287607192993164,0.4720486104488373,0.4989236891269684,0.4827865958213806,0.4843870997428894,0.4783514142036438,0.558087944984436,0.4726415276527405,0.5801624059677124,0.4609296917915344,0.5556169152259827,0.4649503827095032,0.5503848791122437,0.4658387303352356,0.5507480502128601,0.4654575288295746,0.5508207082748413,0.4673949182033539,0.5436486601829529,0.493195116519928,0.5423179864883423,0.4987265169620514,0.5343579053878784,0.4997376799583435,0.5312491059303284,0.5055375099182129,0.5271255373954773,0.4799368381500244,0.1858774572610855,0.16743606328964233,0.16562572121620178,0.16378888487815857,0.17041556537151337,0.17077253758907318,0.17111168801784515,0.162152498960495,0.1694200336933136,0.198308527469635,0.20034141838550568,0.24263909459114075,0.2562776505947113,0.3818295896053314,0.39456912875175476,0.3452850878238678,0.33552464842796326,0.3357292413711548,0.3227801024913788,0.3173278272151947,0.30606943368911743,0.3160863220691681,0.3082629442214966,0.5051572918891907,0.5103774070739746,0.7149084210395813,0.707922101020813,0.8870953321456909,0.8731351494789124,0.9084041118621826,0.8909510970115662,0.9494243860244751,0.9303616881370544,-0.12381025403738022,-0.13226895034313202,-0.13233472406864166,-0.13238728046417236,-0.10942976176738739,-0.10943958908319473,-0.10950855165719986,-0.10057566314935684,0.003648623824119568,-0.10641288757324219,-0.07649629563093185,-0.06364697962999344,0.08788314461708069,-0.15282030403614044,0.019818538799881935,-0.2935708463191986,-0.20970241725444794,-0.3264443278312683,-0.24406754970550537,-0.3220677971839905,-0.24460265040397644,-0.29194873571395874,-0.21579769253730774,-0.04967252537608147,0.04980366677045822,-0.09682334959506989,0.07190267741680145,-0.0006974127609282732,0.23567204177379608,0.003397315740585327,0.24789734184741974,-0.11624540388584137,0.1481776386499405,Perfect
1,0.473863422870636,0.4779992699623108,0.4806392788887024,0.4832998812198639,0.4731425344944,0.4722287654876709,0.4713907241821289,0.49860891699790955,0.48198461532592773,0.4836537837982178,0.47745198011398315,0.5568990111351013,0.46994227170944214,0.5795251727104187,0.4581398069858551,0.5556474328041077,0.4628365635871887,0.5505237579345703,0.4647953510284424,0.5506356954574585,0.4648149907588959,0.5508257150650024,0.46643680334091187,0.5430298447608948,0.49234333634376526,0.5417674779891968,0.4971545338630676,0.533983588218689,0.49834102392196655,0.5336867570877075,0.5048885345458984,0.5270408391952515,0.47828203439712524,0.18584802746772766,0.1674399971961975,0.16563034057617188,0.16381099820137024,0.17038758099079132,0.17072851955890656,0.1710396409034729,0.16252776980400085,0.16949422657489777,0.19831153750419617,0.2003016620874405,0.24313706159591675,0.25616922974586487,0.38111576437950134,0.39289993047714233,0.3520221412181854,0.34913569688796997,0.3506985902786255,0.34167224168777466,0.32919129729270935,0.3226051926612854,0.3273512125015259,0.3233703076839447,0.5060519576072693,0.5119614005088806,0.7122830152511597,0.7078486680984497,0.8819459080696106,0.8729015588760376,0.9054547548294067,0.890701949596405,0.9435555934906006,0.9299876689910889,-0.12002313137054443,-0.12389008700847626,-0.12396886199712753,-0.12402615696191788,-0.10729154199361801,-0.10732536017894745,-0.10739606618881226,-0.08670330792665482,0.005908002611249685,-0.0978933721780777,-0.0746784657239914,-0.05391554906964302,0.08933693915605545,-0.1358698457479477,0.022235292941331863,-0.28035807609558105,-0.1959381252527237,-0.3159877359867096,-0.234310120344162,-0.3213728070259094,-0.23852452635765076,-0.2815478444099426,-0.20234636962413788,-0.04859540984034538,0.048724185675382614,-0.09652180969715118,0.06793884932994843,0.008071236312389374,0.2337319403886795,0.013357299380004406,0.24756941199302673,-0.10548396408557892,0.14382706582546234,Perfect
1,0.47323447465896606,0.4776533246040344,0.4802808165550232,0.4829781949520111,0.4729125499725342,0.47207802534103394,0.47132453322410583,0.4984716773033142,0.4820984899997711,0.48301321268081665,0.47691813111305237,0.5567768216133118,0.46969324350357056,0.5779134631156921,0.45816558599472046,0.5556147694587708,0.4629153609275818,0.5500953197479248,0.4648214280605316,0.5493780374526978,0.46504297852516174,0.5498887300491333,0.46660488843917847,0.5429052114486694,0.49212446808815,0.5415447950363159,0.4959927499294281,0.5339531302452087,0.4969482421875,0.5342926383018494,0.5039385557174683,0.5269555449485779,0.4760570526123047,0.18557173013687134,0.16728514432907104,0.165554478764534,0.16378627717494965,0.1699969619512558,0.1702721267938614,0.17050960659980774,0.1626693606376648,0.1693659871816635,0.19822004437446594,0.19995705783367157,0.24504797160625458,0.25617924332618713,0.38108304142951965,0.3902096152305603,0.3837989270687103,0.36114010214805603,0.3931904733181,0.3639106750488281,0.3687956631183624,0.3462434709072113,0.3649047315120697,0.3445523679256439,0.509588360786438,0.515628457069397,0.7155900001525879,0.7086366415023804,0.8845622539520264,0.8728422522544861,0.905489444732666,0.8906093239784241,0.9443607926368713,0.9313826560974121,-0.09777002781629562,-0.10454104840755463,-0.1046222597360611,-0.10468719899654388,-0.08250848948955536,-0.0825284793972969,-0.08257399499416351,-0.07715848833322525,0.026749003678560257,-0.08180253952741623,-0.052814193069934845,-0.05422569438815117,0.1065140813589096,-0.11732321977615356,0.04881548881530762,-0.2379964292049408,-0.16911686956882477,-0.27458304166793823,-0.20581626892089844,-0.27873799204826355,-0.21134574711322784,-0.23914535343647003,-0.17693549394607544,-0.04869677871465683,0.048836659640073776,-0.0992073118686676,0.05457086116075516,0.03408726677298546,0.23074376583099365,0.043298281729221344,0.24276742339134216,-0.06847180426120758,0.14208558201789856,Perfect
1,0.47250691056251526,0.4771544337272644,0.47974294424057007,0.4824499487876892,0.4725027084350586,0.4717382490634918,0.4710748791694641,0.49791374802589417,0.4820956289768219,0.48226815462112427,0.47620639204978943,0.5565857887268066,0.46900972723960876,0.5769504308700562,0.4583210349082947,0.5556124448776245,0.46275854110717773,0.5499898195266724,0.46446576714515686,0.5482081174850464,0.46505007147789,0.548740804195404,0.4666500985622406,0.5428524613380432,0.491858571767807,0.5411244630813599,0.49494749307632446,0.5323625802993774,0.4958905279636383,0.5337660908699036,0.5020321607589722,0.5265862345695496,0.4744885563850403,0.1853163242340088,0.16711439192295074,0.16547176241874695,0.1637602001428604,0.16957442462444305,0.16977539658546448,0.16993077099323273,0.16287392377853394,0.1692102998495102,0.19820182025432587,0.19981877505779266,0.24585109949111938,0.257183700799942,0.37960541248321533,0.39257991313934326,0.40177518129348755,0.37729424238204956,0.4177052676677704,0.3866373300552368,0.39458081126213074,0.36998307704925537,0.38930147886276245,0.36574894189834595,0.5121947526931763,0.5180526375770569,0.7208905816078186,0.7144353985786438,0.8867427110671997,0.8737881779670715,0.9067347049713135,0.8908382654190063,0.9446117877960205,0.9327250719070435,-0.10883239656686783,-0.11607859283685684,-0.11618836969137192,-0.116274893283844,-0.0922980085015297,-0.09231582283973694,-0.09236034005880356,-0.0887938067317009,0.01971501298248768,-0.09397120773792267,-0.06277521699666977,-0.0697588324546814,0.104217529296875,-0.12831787765026093,0.048838697373867035,-0.2511112689971924,-0.171940416097641,-0.28525638580322266,-0.20773056149482727,-0.2918396592140198,-0.2133602350950241,-0.2509467303752899,-0.1800982505083084,-0.04880247265100479,0.04893928021192551,-0.09745150804519653,0.052651546895504,0.04989759251475334,0.2286417931318283,0.05929533764719963,0.24022087454795837,-0.052634596824645996,0.14103814959526062,Perfect
1,0.47109633684158325,0.47592124342918396,0.4784000515937805,0.48099184036254883,0.47162681818008423,0.47109025716781616,0.4706469178199768,0.4963766634464264,0.48201900720596313,0.48081082105636597,0.4752177298069,0.5565604567527771,0.46841949224472046,0.5769985914230347,0.4582940638065338,0.5567587614059448,0.4626625180244446,0.5500990152359009,0.4642658233642578,0.5478482842445374,0.465237557888031,0.5484375953674316,0.46700820326805115,0.5428513288497925,0.49188724160194397,0.5410714745521545,0.4943678379058838,0.5309585928916931,0.495664119720459,0.533488392829895,0.5015758275985718,0.5248265862464905,0.4741423726081848,0.1849718540906906,0.1667509377002716,0.16514138877391815,0.1634410321712494,0.16917982697486877,0.1693616509437561,0.16949248313903809,0.1628575623035431,0.16896936297416687,0.1980108916759491,0.1996157467365265,0.24613575637340546,0.2584795355796814,0.3765549063682556,0.39269334077835083,0.41020405292510986,0.3995599150657654,0.43145662546157837,0.4145466387271881,0.4118163287639618,0.40070009231567383,0.4043009579181671,0.3951612710952759,0.5152820348739624,0.520053505897522,0.7225663065910339,0.7138242125511169,0.8855745792388916,0.8739122748374939,0.9066445231437683,0.8907982707023621,0.9445896744728088,0.9321784973144531,-0.10550758987665176,-0.11449465900659561,-0.11459909379482269,-0.11467544734477997,-0.08947555720806122,-0.08949999511241913,-0.08954893052577972,-0.09832453727722168,0.01640852726995945,-0.09398765861988068,-0.06252504885196686,-0.08466766774654388,0.08676870167255402,-0.1257372945547104,0.055878620594739914,-0.2228083610534668,-0.12632614374160767,-0.2588755488395691,-0.15792837738990784,-0.2687024474143982,-0.16956953704357147,-0.22574695944786072,-0.13612094521522522,-0.04837369918823242,0.048504672944545746,-0.09257058054208755,0.05389978364109993,0.0520571693778038,0.22221100330352783,0.06127161532640457,0.234273761510849,-0.041863732039928436,0.13981890678405762,Perfect
2,0.48023301362991333,0.4856756329536438,0.4882948398590088,0.49110040068626404,0.48133593797683716,0.4810187816619873,0.4808865189552307,0.5083262920379639,0.4929545521736145,0.4894452691078186,0.4837709367275238,0.5645426511764526,0.47937291860580444,0.5808335542678833,0.472257524728775,0.5543434023857117,0.4615415632724762,0.5476229786872864,0.46078839898109436,0.5444632768630981,0.46073538064956665,0.5450887680053711,0.46241751313209534,0.5474665760993958,0.49688372015953064,0.547283411026001,0.4965260624885559,0.532569944858551,0.4993096888065338,0.5313374400138855,0.5045822262763977,0.5255758166313171,0.47870054841041565,0.18327124416828156,0.16463567316532135,0.16298235952854156,0.16126154363155365,0.16751714050769806,0.16789695620536804,0.16811370849609375,0.16302140057086945,0.1662207692861557,0.196336030960083,0.19963380694389343,0.2500477135181427,0.2620692551136017,0.3894228935241699,0.39682215452194214,0.3786294758319855,0.3855443596839905,0.37452006340026855,0.38624030351638794,0.3528364300727844,0.3727646768093109,0.3529002368450165,0.3717058002948761,0.5178171992301941,0.5191993713378906,0.7190918922424316,0.7069534063339233,0.8763601779937744,0.8672859072685242,0.8957926630973816,0.8854321241378784,0.9458052515983582,0.9300782084465027,-0.08780939877033234,-0.10000995546579361,-0.10006169974803925,-0.1000787764787674,-0.07301272451877594,-0.07302338629961014,-0.07309481501579285,-0.0958484560251236,0.026512671262025833,-0.08174070715904236,-0.046405550092458725,-0.07672654092311859,0.10139964520931244,-0.1437569409608841,0.06478389352560043,-0.26584553718566895,-0.1451965719461441,-0.297176331281662,-0.177246555685997,-0.29955580830574036,-0.18738022446632385,-0.26505064964294434,-0.15526041388511658,-0.04686441272497177,0.046933725476264954,-0.09020662307739258,0.0684671550989151,0.05600268766283989,0.23381611704826355,0.06400501728057861,0.24570266902446747,-0.04869822412729263,0.153122216463089,Perfect
2,0.48186683654785156,0.4877754747867584,0.4905943274497986,0.49370330572128296,0.4828440546989441,0.4823278784751892,0.4819623827934265,0.5107621550559998,0.4934738278388977,0.49112051725387573,0.4848420023918152,0.5647910833358765,0.4798312783241272,0.5821287035942078,0.47174009680747986,0.5544255971908569,0.462700754404068,0.548015296459198,0.46266263723373413,0.5450429916381836,0.46253880858421326,0.5459080934524536,0.4639585018157959,0.5475032329559326,0.49684691429138184,0.5478522777557373,0.4970037341117859,0.5327567458152771,0.49972906708717346,0.5310594439506531,0.5049761533737183,0.5270927548408508,0.4804350733757019,0.18364815413951874,0.16523993015289307,0.16375242173671722,0.16222329437732697,0.16779042780399323,0.16809217631816864,0.1682446300983429,0.164481520652771,0.16683895885944366,0.19674347341060638,0.19976481795310974,0.2506676912307739,0.2620740532875061,0.38929760456085205,0.3961556851863861,0.37098023295402527,0.37309154868125916,0.3684276044368744,0.3726561367511749,0.35037073493003845,0.3565964102745056,0.3492369055747986,0.35615622997283936,0.5179532170295715,0.5193207263946533,0.7213889360427856,0.7078299522399902,0.8769807815551758,0.8674394488334656,0.8958643674850464,0.885148286819458,0.947498083114624,0.9316365718841553,-0.10096319764852524,-0.11183160543441772,-0.11188428103923798,-0.11190599203109741,-0.08564884960651398,-0.08565549552440643,-0.08571875840425491,-0.09986744821071625,0.01876797527074814,-0.0918593481183052,-0.05763980746269226,-0.0748874768614769,0.10120990127325058,-0.14553116261959076,0.05604652315378189,-0.2787380516529083,-0.17102383077144623,-0.3116794228553772,-0.20471671223640442,-0.30830198526382446,-0.21147069334983826,-0.27740779519081116,-0.18016335368156433,-0.04691966250538826,0.04698619619011879,-0.08935052901506424,0.06949690729379654,0.05692415311932564,0.24005600810050964,0.06583292037248611,0.252593070268631,-0.04229899123311043,0.15755298733711243,Perfect
2,0.48268184065818787,0.48849669098854065,0.49133044481277466,0.4943537712097168,0.48379358649253845,0.4833759665489197,0.4830891489982605,0.5115346908569336,0.49432069063186646,0.491978257894516,0.4859160780906677,0.5655970573425293,0.48116302490234375,0.582909345626831,0.47137004137039185,0.5544789433479309,0.46431979537010193,0.5490971803665161,0.46458426117897034,0.547572910785675,0.46459850668907166,0.5478640198707581,0.46605563163757324,0.5474581718444824,0.49682092666625977,0.5478043556213379,0.49700284004211426,0.5339800715446472,0.4997556209564209,0.5329998135566711,0.505011796951294,0.526255190372467,0.4803473949432373,0.18712390959262848,0.168800950050354,0.16741688549518585,0.1659628003835678,0.17085984349250793,0.17090627551078796,0.17084363102912903,0.16764304041862488,0.1698049008846283,0.20004050433635712,0.2034555822610855,0.2532165050506592,0.26274052262306213,0.39304691553115845,0.3990858197212219,0.35613390803337097,0.3610771596431732,0.3467867076396942,0.3541317880153656,0.33316418528556824,0.33555078506469727,0.3336191177368164,0.3366280794143677,0.5224444270133972,0.5211196541786194,0.7263988256454468,0.7097554802894592,0.877345621585846,0.8674086928367615,0.8967381119728088,0.8848540186882019,0.9482231140136719,0.9309355616569519,-0.12352235615253448,-0.1364130973815918,-0.13645395636558533,-0.1364719122648239,-0.11014773696660995,-0.1101604551076889,-0.11025594174861908,-0.12428887188434601,-0.004434917122125626,-0.11340244114398956,-0.07898955047130585,-0.08651960641145706,0.0815245732665062,-0.17550697922706604,0.020653722807765007,-0.305813729763031,-0.20481085777282715,-0.3357928395271301,-0.2364244908094406,-0.32868465781211853,-0.2386428564786911,-0.3026931881904602,-0.2118116170167923,-0.04689934849739075,0.04696079343557358,-0.08845603466033936,0.08932862430810928,0.061199866235256195,0.27493566274642944,0.06992091983556747,0.2895573377609253,-0.04370079189538956,0.1960749328136444,Perfect
2,0.4843701720237732,0.49006637930870056,0.4930410385131836,0.49617284536361694,0.48513445258140564,0.4846019148826599,0.4841736853122711,0.5131880044937134,0.4950345456600189,0.4938250482082367,0.4875161647796631,0.5668914914131165,0.4825630187988281,0.5832757949829102,0.4713455140590668,0.5546626448631287,0.46633225679397583,0.5492584109306335,0.46681270003318787,0.5483606457710266,0.46689048409461975,0.548662006855011,0.46836280822753906,0.5475901961326599,0.4969215393066406,0.5479257702827454,0.4970156252384186,0.5358593463897705,0.5002602338790894,0.534835934638977,0.5054839253425598,0.5278458595275879,0.48043686151504517,0.18987247347831726,0.1712435781955719,0.16980864107608795,0.16827133297920227,0.17331239581108093,0.173287495970726,0.17318688333034515,0.16929210722446442,0.17177851498126984,0.2025666981935501,0.20634037256240845,0.25534588098526,0.26289692521095276,0.3954210579395294,0.4018342196941376,0.3603956997394562,0.35904359817504883,0.3519165813922882,0.34764134883880615,0.33446362614631653,0.33039742708206177,0.3352029621601105,0.3327697217464447,0.5235775709152222,0.5215114951133728,0.7277615666389465,0.7105031609535217,0.8777361512184143,0.8672089576721191,0.8980566263198853,0.8836063742637634,0.9482152462005615,0.9289175271987915,-0.14137688279151917,-0.1527566760778427,-0.15280526876449585,-0.15281835198402405,-0.12800057232379913,-0.1280188262462616,-0.1281106173992157,-0.13364191353321075,-0.020438339561223984,-0.12859183549880981,-0.09613776206970215,-0.09353315830230713,0.06697996705770493,-0.18063108623027802,0.00904795341193676,-0.3235620856285095,-0.21761195361614227,-0.35562625527381897,-0.24984212219715118,-0.35027769207954407,-0.25243574380874634,-0.32123979926109314,-0.22451305389404297,-0.04647088795900345,0.04651790112257004,-0.08830329030752182,0.08773280680179596,0.06305614113807678,0.2736629247665405,0.0719238817691803,0.2883373200893402,-0.04227804020047188,0.19336645305156708,Perfect
2,0.4855061173439026,0.4912277162075043,0.49425286054611206,0.49744462966918945,0.486149400472641,0.4855269491672516,0.48499688506126404,0.5142128467559814,0.49584317207336426,0.4949895441532135,0.4885881841182709,0.5675646066665649,0.48372769355773926,0.5834742784500122,0.47118401527404785,0.5547741651535034,0.4677806794643402,0.5493690371513367,0.4684686064720154,0.5494863986968994,0.46859416365623474,0.5496238470077515,0.47013574838638306,0.5475791692733765,0.49699217081069946,0.5479031205177307,0.49701938033103943,0.5358131527900696,0.5014911890029907,0.5347511768341064,0.5071433782577515,0.5270841717720032,0.48291015625,0.19145813584327698,0.1727963387966156,0.17135480046272278,0.16984504461288452,0.17488954961299896,0.1748550981283188,0.17476576566696167,0.1708391010761261,0.17316892743110657,0.20393134653568268,0.20792067050933838,0.2569321393966675,0.2636184096336365,0.3963848054409027,0.40294256806373596,0.3618965446949005,0.3559815585613251,0.3521803021430969,0.3430725634098053,0.3345845937728882,0.3270217180252075,0.3358311057090759,0.3298138380050659,0.5233275890350342,0.5214793682098389,0.7232270836830139,0.705775260925293,0.8722152709960938,0.85545814037323,0.8915547728538513,0.8646085262298584,0.9431192278862,0.9160040020942688,-0.13949133455753326,-0.15132956206798553,-0.1513727903366089,-0.1513814926147461,-0.12618917226791382,-0.12620308995246887,-0.1262863576412201,-0.13780441880226135,-0.022929705679416656,-0.12899932265281677,-0.09596697986125946,-0.10101278871297836,0.05976759269833565,-0.1826842725276947,0.003601324511691928,-0.3240032494068146,-0.2200920283794403,-0.3552296459674835,-0.2519897222518921,-0.3502179682254791,-0.2527153491973877,-0.3215823769569397,-0.22620022296905518,-0.04573356732726097,0.04575614631175995,-0.08829271048307419,0.1020350232720375,0.06318710744380951,0.31259897351264954,0.07299976050853729,0.33042338490486145,-0.04076312482357025,0.24451783299446106,Perfect
2,0.48738956451416016,0.4929279386997223,0.4960368275642395,0.49925294518470764,0.48782986402511597,0.4871702790260315,0.4865960478782654,0.5157349705696106,0.4970467686653137,0.4966721534729004,0.49040666222572327,0.5680042505264282,0.48409733176231384,0.5835426449775696,0.4710797667503357,0.5550662279129028,0.4692673087120056,0.5505189895629883,0.4696962833404541,0.5512179136276245,0.46954575181007385,0.5509756803512573,0.4711233675479889,0.5475731492042542,0.49699679017066956,0.5477586388587952,0.497310072183609,0.5327337980270386,0.5015438199043274,0.5305358171463013,0.5070517063140869,0.5265236496925354,0.4856533110141754,0.19312632083892822,0.17450781166553497,0.17306578159332275,0.17154720425605774,0.17666363716125488,0.17661650478839874,0.17649729549884796,0.17245742678642273,0.17451170086860657,0.2054537832736969,0.20957238972187042,0.2590940594673157,0.2636236846446991,0.39972543716430664,0.4040879011154175,0.35846540331840515,0.3516117036342621,0.3455178439617157,0.3359518349170685,0.3292209208011627,0.3202759623527527,0.3314495384693146,0.32400429248809814,0.5228781700134277,0.5209999680519104,0.7232521772384644,0.707457423210144,0.8762000203132629,0.8597795367240906,0.8917292356491089,0.870125412940979,0.947990357875824,0.9190842509269714,-0.10853135585784912,-0.1180608719587326,-0.11807511001825333,-0.11806269735097885,-0.09512752294540405,-0.09513241052627563,-0.09519673883914948,-0.09974613785743713,0.004784478340297937,-0.0968027263879776,-0.06664027273654938,-0.06331980228424072,0.07875366508960724,-0.1519625335931778,0.020805442705750465,-0.3101780116558075,-0.1926468163728714,-0.33446457982063293,-0.2249550074338913,-0.32247433066368103,-0.24208438396453857,-0.3026654124259949,-0.20275333523750305,-0.04391814023256302,0.043916985392570496,-0.07109460979700089,0.08123322576284409,0.07016591727733612,0.2362648993730545,0.07831981778144836,0.24784669280052185,-0.03400704637169838,0.1557532399892807,Perfect
2,0.4866050183773041,0.4921087622642517,0.49516233801841736,0.4983273446559906,0.4870604872703552,0.4864330291748047,0.48591047525405884,0.514887273311615,0.49660271406173706,0.49604159593582153,0.48999008536338806,0.5678516626358032,0.48375996947288513,0.5835224390029907,0.4696444869041443,0.554943323135376,0.46902379393577576,0.550402045249939,0.46960997581481934,0.5511494874954224,0.46922072768211365,0.5509432554244995,0.4707763195037842,0.5469331741333008,0.4964785575866699,0.5455183982849121,0.4972049295902252,0.5289909839630127,0.5012575387954712,0.5268355011940002,0.5064047574996948,0.5187628269195557,0.4853556752204895,0.19569692015647888,0.1768554002046585,0.17535120248794556,0.17370645701885223,0.17908135056495667,0.17911669611930847,0.17910219728946686,0.17397886514663696,0.1774444431066513,0.2082655131816864,0.21272312104701996,0.2619425058364868,0.2648317217826843,0.4037643074989319,0.40709447860717773,0.3572983741760254,0.3486524224281311,0.3421924114227295,0.3329094648361206,0.32589787244796753,0.31688055396080017,0.32929232716560364,0.31997066736221313,0.5227240920066833,0.5210341811180115,0.7218364477157593,0.7080219984054565,0.8789101243019104,0.8615302443504333,0.8935462236404419,0.8788259625434875,0.9481831192970276,0.9240953326225281,-0.0976380854845047,-0.1067381277680397,-0.10676560550928116,-0.10677468776702881,-0.08408334851264954,-0.08409047871828079,-0.08414866775274277,-0.08595968037843704,0.017428582534193993,-0.08474217355251312,-0.0549815371632576,-0.052786923944950104,0.0933682769536972,-0.14043690264225006,0.023216214030981064,-0.28418248891830444,-0.18374021351337433,-0.3127724528312683,-0.21606986224651337,-0.30218976736068726,-0.23385722935199738,-0.27879467606544495,-0.19522568583488464,-0.043941762298345566,0.043942153453826904,-0.0731402039527893,0.055308811366558075,0.07175387442111969,0.2020823210477829,0.08027756959199905,0.2128159999847412,-0.029157916083931923,0.11737201362848282,Perfect
2,0.4861162602901459,0.49159932136535645,0.49462953209877014,0.4977854788303375,0.48661571741104126,0.4860440194606781,0.48559579253196716,0.5144362449645996,0.49646395444869995,0.49561986327171326,0.4896312654018402,0.5677663683891296,0.48348909616470337,0.5834587216377258,0.46804079413414,0.5547360181808472,0.4687683582305908,0.5502698421478271,0.46939992904663086,0.5510962009429932,0.46895837783813477,0.5509060025215149,0.47052034735679626,0.5467097759246826,0.4962600767612457,0.5439074635505676,0.4972268044948578,0.5257757902145386,0.5014150738716125,0.5243842601776123,0.5064247846603394,0.5157557725906372,0.48663800954818726,0.19695499539375305,0.17815187573432922,0.17667828500270844,0.17500431835651398,0.18020756542682648,0.18021875619888306,0.1801803559064865,0.17518292367458344,0.17916272580623627,0.210264191031456,0.21413277089595795,0.2634981870651245,0.2660183310508728,0.40535756945610046,0.40758949518203735,0.35630354285240173,0.3481593728065491,0.34103792905807495,0.33272695541381836,0.3247760236263275,0.31665366888046265,0.32851970195770264,0.3198845684528351,0.522869348526001,0.521577000617981,0.7216340899467468,0.709043562412262,0.8800239562988281,0.8656847476959229,0.894687294960022,0.8842167258262634,0.9482203125953674,0.9300416111946106,-0.09558574110269547,-0.10427533090114594,-0.10430874675512314,-0.10432223975658417,-0.08146838843822479,-0.08147785067558289,-0.0815354734659195,-0.08116896450519562,0.022531162947416306,-0.08186175674200058,-0.05201923847198486,-0.04881317541003227,0.09936061501502991,-0.13945916295051575,0.02460128627717495,-0.2823691964149475,-0.18093685805797577,-0.3134327232837677,-0.21305200457572937,-0.3040962815284729,-0.22799742221832275,-0.27789658308029175,-0.19011838734149933,-0.043958880007267,0.04395916312932968,-0.07475320994853973,0.043801240622997284,0.07451105862855911,0.19335708022117615,0.08408762514591217,0.20444028079509735,-0.022605612874031067,0.10677095502614975,Perfect
2,0.48582354187965393,0.49134331941604614,0.4943568706512451,0.49750304222106934,0.4865659177303314,0.4858863949775696,0.4852924346923828,0.5140675902366638,0.4956754744052887,0.49533534049987793,0.4893690049648285,0.5670225024223328,0.48311853408813477,0.5833200812339783,0.46708375215530396,0.5531982779502869,0.4686233103275299,0.5488026738166809,0.46915483474731445,0.5496504306793213,0.4688190519809723,0.5496101379394531,0.47046002745628357,0.5463749170303345,0.49603086709976196,0.5435763597488403,0.49723148345947266,0.5255550742149353,0.5013918280601501,0.5241345763206482,0.5063098669052124,0.5160160064697266,0.48895591497421265,0.19798755645751953,0.17941641807556152,0.17804200947284698,0.17638544738292694,0.18120716512203217,0.18120887875556946,0.18117448687553406,0.1763002574443817,0.18087238073349,0.2121596485376358,0.21544992923736572,0.2633226215839386,0.2683073878288269,0.4049297273159027,0.40935930609703064,0.35490381717681885,0.35150623321533203,0.34079331159591675,0.33860424160957336,0.3239991366863251,0.32137027382850647,0.32791921496391296,0.32395780086517334,0.5227858424186707,0.521632730960846,0.7203282713890076,0.7090682983398438,0.8797908425331116,0.865763783454895,0.8942583799362183,0.8843383193016052,0.9474003911018372,0.9316999912261963,-0.09575831145048141,-0.10343477874994278,-0.10346902906894684,-0.1034804955124855,-0.08121346682310104,-0.08122293651103973,-0.08127442747354507,-0.07742364704608917,0.0237279050052166,-0.08124669641256332,-0.05210940167307854,-0.046124398708343506,0.10213521867990494,-0.13715258240699768,0.03306906670331955,-0.28058674931526184,-0.17911973595619202,-0.3127700090408325,-0.21111682057380676,-0.3032245635986328,-0.22219200432300568,-0.27645477652549744,-0.18979237973690033,-0.04373960942029953,0.043751221150159836,-0.07563753426074982,0.03840383514761925,0.08658547699451447,0.1926436573266983,0.0975726991891861,0.20407363772392273,-0.011793674901127815,0.10470984131097794,Perfect
2,0.48481959104537964,0.49045529961586,0.4935395121574402,0.4967060089111328,0.4853983521461487,0.48463645577430725,0.48394495248794556,0.5126705169677734,0.4948884844779968,0.4949820041656494,0.4885874390602112,0.5659967660903931,0.4820581376552582,0.5824695825576782,0.4659287929534912,0.5509098172187805,0.4682410657405853,0.5467859506607056,0.4688081741333008,0.5472675561904907,0.4683327078819275,0.547455906867981,0.46992939710617065,0.545859158039093,0.49535268545150757,0.5429763793945312,0.49678778648376465,0.5236368179321289,0.5011172294616699,0.5219606161117554,0.5044772028923035,0.5165273547172546,0.48890119791030884,0.19865703582763672,0.18001379072666168,0.17872077226638794,0.17713533341884613,0.181698739528656,0.18168117105960846,0.18163561820983887,0.1770831197500229,0.18164730072021484,0.2134784758090973,0.2159482091665268,0.2641648054122925,0.26935675740242004,0.4046284258365631,0.41134631633758545,0.3553908169269562,0.3539760708808899,0.3421425223350525,0.33989301323890686,0.32559579610824585,0.3233204185962677,0.329107403755188,0.32637712359428406,0.5238946676254272,0.5237078070640564,0.7203899025917053,0.7138033509254456,0.8805831074714661,0.8791327476501465,0.8956937193870544,0.8991749882698059,0.9481915235519409,0.9398384690284729,-0.08803828805685043,-0.09681077301502228,-0.0968545526266098,-0.09687520563602448,-0.0733615905046463,-0.07337525486946106,-0.07342782616615295,-0.07438363134860992,0.03206401690840721,-0.07461356371641159,-0.04401131719350815,-0.04694569110870361,0.10976926237344742,-0.13974547386169434,0.042562566697597504,-0.2799893319606781,-0.1740918904542923,-0.31294751167297363,-0.20585112273693085,-0.30314505100250244,-0.2086268961429596,-0.27593669295310974,-0.18128854036331177,-0.043892573565244675,0.04391723871231079,-0.07771094888448715,0.028624698519706726,0.08488141000270844,0.17905984818935394,0.0959739238023758,0.19010475277900696,-0.010476102121174335,0.0884290412068367,Perfect
2,0.4839003086090088,0.4895356595516205,0.49274125695228577,0.495980441570282,0.48426181077957153,0.48345956206321716,0.4827621579170227,0.5120468139648438,0.49471956491470337,0.494729608297348,0.4878266751766205,0.5650297403335571,0.4805334508419037,0.5816905498504639,0.4639456868171692,0.5505050420761108,0.46632617712020874,0.5458093285560608,0.466898113489151,0.5458495020866394,0.4663872718811035,0.5461663007736206,0.4680100381374359,0.5447106957435608,0.49369359016418457,0.5419198274612427,0.49606436491012573,0.5215543508529663,0.4986114501953125,0.5205216407775879,0.5021036267280579,0.5128960013389587,0.4806143343448639,0.1987253576517105,0.1801159679889679,0.17880305647850037,0.17720955610275269,0.18177615106105804,0.18171946704387665,0.18162618577480316,0.17702320218086243,0.18136908113956451,0.21396829187870026,0.2159440964460373,0.2640816271305084,0.26910507678985596,0.4039645791053772,0.411058634519577,0.35767805576324463,0.3558872640132904,0.3462843894958496,0.34368452429771423,0.3292620778083801,0.32776349782943726,0.3320244550704956,0.33020004630088806,0.5238931179046631,0.5245059728622437,0.7204471230506897,0.7173640131950378,0.8865238428115845,0.8853747248649597,0.9019613265991211,0.9058579206466675,0.9521487951278687,0.9452127814292908,-0.07987235486507416,-0.08881186693906784,-0.08885091543197632,-0.0888742059469223,-0.06529104709625244,-0.06530393660068512,-0.06535275280475616,-0.06571687757968903,0.04092688858509064,-0.06600777804851532,-0.035352274775505066,-0.03972746431827545,0.12055959552526474,-0.13249754905700684,0.05918188765645027,-0.2710072994232178,-0.1565968096256256,-0.3050081133842468,-0.1881570816040039,-0.2954349219799042,-0.19011270999908447,-0.26733267307281494,-0.1629534363746643,-0.04539984092116356,0.045454949140548706,-0.07988091558218002,0.02692314051091671,0.08462297171354294,0.17253991961479187,0.09464169293642044,0.18302950263023376,-0.013981041498482227,0.08106963336467743,Perfect
2,0.48332133889198303,0.4887009561061859,0.4919573664665222,0.4952658712863922,0.4833099842071533,0.48245030641555786,0.4817100465297699,0.5115808248519897,0.4943736493587494,0.4946022927761078,0.4872509837150574,0.5643632411956787,0.4793272614479065,0.5800532698631287,0.4641498029232025,0.5489181280136108,0.4638431966304779,0.5428773760795593,0.4642055630683899,0.5429506897926331,0.4635067880153656,0.5437201261520386,0.4648856520652771,0.5437476634979248,0.49249252676963806,0.5412553548812866,0.49554768204689026,0.5218253135681152,0.49841952323913574,0.5209418535232544,0.502056896686554,0.510267436504364,0.47720757126808167,0.19853812456130981,0.17990584671497345,0.17857803404331207,0.17698964476585388,0.18159864842891693,0.18154050409793854,0.18144185841083527,0.1768382042646408,0.18110264837741852,0.21387659013271332,0.21568919718265533,0.2638479769229889,0.26894548535346985,0.4024871289730072,0.41075485944747925,0.3620045483112335,0.3635924160480499,0.35087811946868896,0.3541274070739746,0.33136606216430664,0.33416226506233215,0.3338603973388672,0.335772842168808,0.5238549709320068,0.5253039598464966,0.7203067541122437,0.7198457717895508,0.8902559876441956,0.8864515423774719,0.9061753153800964,0.9072558879852295,0.9577760696411133,0.947409987449646,-0.08183619379997253,-0.09160397946834564,-0.09164855629205704,-0.09167882800102234,-0.06784345209598541,-0.06784768402576447,-0.06790344417095184,-0.07067742198705673,0.03767434507608414,-0.06854836642742157,-0.037428323179483414,-0.046435438096523285,0.11854217201471329,-0.13339419662952423,0.06374292075634003,-0.2644437849521637,-0.14932222664356232,-0.2969664931297302,-0.18068338930606842,-0.29043227434158325,-0.1848543882369995,-0.26179200410842896,-0.15672551095485687,-0.04702962934970856,0.047098614275455475,-0.08927100896835327,0.027788225561380386,0.07116367667913437,0.16858747601509094,0.08183003216981888,0.17847232520580292,-0.023193739354610443,0.07876728475093842,Perfect
2,0.48316001892089844,0.4884072244167328,0.49164944887161255,0.4949248731136322,0.4829791188240051,0.48208460211753845,0.4813085198402405,0.5114805102348328,0.49426764249801636,0.49456220865249634,0.48708271980285645,0.5638980269432068,0.47864609956741333,0.5799514651298523,0.4642764627933502,0.5487474799156189,0.4624943733215332,0.542060136795044,0.4625839591026306,0.5416601896286011,0.4624191224575043,0.5427370071411133,0.4637415409088135,0.5436064004898071,0.4924037456512451,0.541232705116272,0.49554339051246643,0.5224146246910095,0.49840646982192993,0.5196338891983032,0.5019794702529907,0.5111755132675171,0.4775031507015228,0.1984705775976181,0.17979742586612701,0.1784515380859375,0.17683520913124084,0.18151071667671204,0.18145206570625305,0.18135227262973785,0.17668025195598602,0.18092621862888336,0.213578462600708,0.21560639142990112,0.26284000277519226,0.2686028480529785,0.3979265093803406,0.408012717962265,0.37371617555618286,0.3745836913585663,0.36996904015541077,0.36995938420295715,0.3487445116043091,0.3506818115711212,0.3485581576824188,0.35088834166526794,0.5208054184913635,0.5233081579208374,0.711715042591095,0.7134993076324463,0.8899177312850952,0.8848362565040588,0.9058690667152405,0.9049586653709412,0.9573724269866943,0.9464085102081299,-0.07797237485647202,-0.08723004162311554,-0.08727604895830154,-0.08730316907167435,-0.06384758651256561,-0.06385166198015213,-0.06389982253313065,-0.06453639268875122,0.0419825054705143,-0.06429167091846466,-0.033644407987594604,-0.03937184065580368,0.12055794894695282,-0.1225372701883316,0.07694945484399796,-0.2629936635494232,-0.13285359740257263,-0.29802292585372925,-0.16509191691875458,-0.2936573922634125,-0.17375341057777405,-0.2615090012550354,-0.14193782210350037,-0.046537626534700394,0.04661145061254501,-0.0961199402809143,0.01257395464926958,0.05757295340299606,0.14024031162261963,0.06747985631227493,0.14865317940711975,-0.038274094462394714,0.04714173078536987,Perfect
2,0.48264580965042114,0.48783665895462036,0.49104565382003784,0.4943155348300934,0.48234277963638306,0.4814169406890869,0.4806002676486969,0.5111140012741089,0.4939746856689453,0.49421319365501404,0.48664340376853943,0.563813328742981,0.4779535233974457,0.5792015790939331,0.46452078223228455,0.5490432977676392,0.4612509310245514,0.5426069498062134,0.46091756224632263,0.5420581102371216,0.46103596687316895,0.5430049300193787,0.46241551637649536,0.5436285734176636,0.49237218499183655,0.5412186980247498,0.4955306649208069,0.5228042602539062,0.498431921005249,0.5193593502044678,0.50204998254776,0.5122970938682556,0.47742295265197754,0.19772420823574066,0.1793879121541977,0.17806421220302582,0.17651444673538208,0.181194007396698,0.1811939924955368,0.1811530888080597,0.17662779986858368,0.18079128861427307,0.21336907148361206,0.21515604853630066,0.2627981901168823,0.268559068441391,0.39753350615501404,0.405484139919281,0.38537630438804626,0.3887366056442261,0.3883648216724396,0.38861629366874695,0.3640395700931549,0.3704439699649811,0.3614632487297058,0.3695076107978821,0.5193912982940674,0.5231942534446716,0.7115094661712646,0.7126501202583313,0.890511155128479,0.8837661147117615,0.9072086811065674,0.9055789709091187,0.9568131566047668,0.9467724561691284,-0.08354263007640839,-0.09282945841550827,-0.09287651628255844,-0.09290246665477753,-0.06921669095754623,-0.06922122091054916,-0.06927071511745453,-0.07019376754760742,0.03749667480587959,-0.07015209645032883,-0.03918112441897392,-0.04477613419294357,0.12003181129693985,-0.12036363035440445,0.08608679473400116,-0.26154035329818726,-0.12689052522182465,-0.2987145781517029,-0.15977081656455994,-0.296297550201416,-0.1726931631565094,-0.26162049174308777,-0.13799363374710083,-0.046576619148254395,0.04665723070502281,-0.0955369770526886,0.016984019428491592,0.05418911576271057,0.14291247725486755,0.0633961409330368,0.1508285105228424,-0.04324132949113846,0.04995632916688919,Perfect
2,0.4814664423465729,0.4867164194583893,0.48979806900024414,0.49303093552589417,0.48137253522872925,0.4805169105529785,0.47977790236473083,0.5103731751441956,0.4935046136379242,0.4931425452232361,0.48571324348449707,0.5637117624282837,0.4768781065940857,0.5778194665908813,0.4635898470878601,0.5491675138473511,0.4604712426662445,0.5429013967514038,0.4596053659915924,0.5417357683181763,0.4602808356285095,0.5427629351615906,0.46211177110671997,0.5437576174736023,0.49242812395095825,0.5412887334823608,0.4953896999359131,0.5228554010391235,0.49824458360671997,0.5194746255874634,0.5018268823623657,0.5135082602500916,0.4767690598964691,0.19583909213542938,0.1778489202260971,0.17649078369140625,0.17496584355831146,0.1798926293849945,0.18003256618976593,0.1801072210073471,0.17594967782497406,0.18031510710716248,0.21251361072063446,0.21403850615024567,0.26268401741981506,0.26877331733703613,0.3970370292663574,0.4043951630592346,0.4014146029949188,0.40630170702934265,0.4139324128627777,0.41089990735054016,0.39136070013046265,0.39660316705703735,0.3858714699745178,0.3948306739330292,0.5192833542823792,0.5232098698616028,0.7121450901031494,0.7126559019088745,0.8878964185714722,0.8798457384109497,0.9059323072433472,0.9007105231285095,0.9541477560997009,0.9445413947105408,-0.10419385135173798,-0.11313889175653458,-0.1132090836763382,-0.1132473349571228,-0.08899585902690887,-0.08900296688079834,-0.0890500396490097,-0.09358726441860199,0.016370145604014397,-0.09228639304637909,-0.060573093593120575,-0.0669899731874466,0.0958879142999649,-0.1238505095243454,0.07628180086612701,-0.26600000262260437,-0.131337508559227,-0.3071430027484894,-0.16394153237342834,-0.31226953864097595,-0.1779785454273224,-0.2694837749004364,-0.1428452432155609,-0.044463496655225754,0.04454769939184189,-0.0950070172548294,0.019043244421482086,0.08687193691730499,0.1609524041414261,0.09998736530542374,0.17020083963871002,-0.007908130995929241,0.07101128995418549,Perfect
3,0.47689610719680786,0.48214665055274963,0.485124409198761,0.48824724555015564,0.4765714704990387,0.4755531847476959,0.47463756799697876,0.5043606162071228,0.4861263334751129,0.48806309700012207,0.48103541135787964,0.5608735084533691,0.47153186798095703,0.5745704770088196,0.46280011534690857,0.5486565232276917,0.4564681947231293,0.5413482189178467,0.4545518457889557,0.5386659502983093,0.4550020694732666,0.5394539833068848,0.45749911665916443,0.5406153202056885,0.4895772933959961,0.5395463705062866,0.4918673634529114,0.5255593657493591,0.4961520731449127,0.5225416421890259,0.5004419684410095,0.5188688635826111,0.48060330748558044,0.18789450824260712,0.17016658186912537,0.16869685053825378,0.16710695624351501,0.17285536229610443,0.17330574989318848,0.1736646443605423,0.1684846729040146,0.17456048727035522,0.20380045473575592,0.20560266077518463,0.2587524950504303,0.2670060992240906,0.38991686701774597,0.39803004264831543,0.39520201086997986,0.3886885344982147,0.4020603895187378,0.3912286162376404,0.37955737113952637,0.3731425702571869,0.3750625550746918,0.37164419889450073,0.5161986351013184,0.5200411677360535,0.7099677324295044,0.7096074223518372,0.8768117427825928,0.8646412491798401,0.8918330073356628,0.8813542723655701,0.9475384950637817,0.9335094094276428,-0.09095333516597748,-0.09926839917898178,-0.0993209034204483,-0.09934625029563904,-0.07613299787044525,-0.07613559067249298,-0.07617716491222382,-0.07585561275482178,0.0305230263620615,-0.07739973813295364,-0.046757735311985016,-0.0491015762090683,0.10875954478979111,-0.11251053959131241,0.06538215279579163,-0.2530076205730438,-0.13701289892196655,-0.2889088988304138,-0.17153114080429077,-0.2894150912761688,-0.1844586431980133,-0.25289660692214966,-0.14812125265598297,-0.040467262268066406,0.04051148146390915,-0.09118447452783585,0.023271266371011734,0.08600692451000214,0.17654889822006226,0.09835762530565262,0.18766269087791443,-0.011485541239380836,0.08732225000858307,Perfect
3,0.47647374868392944,0.48176178336143494,0.4847084879875183,0.4877891540527344,0.47629308700561523,0.47531580924987793,0.47446388006210327,0.5036827921867371,0.4861580431461334,0.48726677894592285,0.4804159104824066,0.5592774152755737,0.4715461730957031,0.5740819573402405,0.46161502599716187,0.5469348430633545,0.45644012093544006,0.5406727194786072,0.45492252707481384,0.5387334227561951,0.45512333512306213,0.5392028093338013,0.4574704170227051,0.5394519567489624,0.4886105954647064,0.5394914150238037,0.49184685945510864,0.5258663892745972,0.49693313241004944,0.523080050945282,0.5012899041175842,0.5189302563667297,0.4810764789581299,0.18733541667461395,0.16958865523338318,0.16822704672813416,0.16673390567302704,0.17211315035820007,0.17253302037715912,0.17288188636302948,0.1681281179189682,0.1739175170660019,0.20247285068035126,0.20399515330791473,0.25770455598831177,0.2646196186542511,0.3903179168701172,0.39666590094566345,0.37095001339912415,0.3731735944747925,0.37032225728034973,0.37531933188438416,0.3500436246395111,0.3544970452785492,0.3488138020038605,0.3532358705997467,0.5154176354408264,0.5187656879425049,0.7109202742576599,0.7096150517463684,0.8761014342308044,0.8631395101547241,0.8912235498428345,0.880806028842926,0.9476456642150879,0.9327725768089294,-0.091205894947052,-0.10157891362905502,-0.10162428766489029,-0.10164187848567963,-0.0776238888502121,-0.07762547582387924,-0.07768116891384125,-0.08569280803203583,0.024348385632038116,-0.0801529511809349,-0.04850797355175018,-0.057813066989183426,0.10049525648355484,-0.11502809822559357,0.05840862914919853,-0.25992241501808167,-0.15059275925159454,-0.29157131910324097,-0.1822710931301117,-0.29137539863586426,-0.18856096267700195,-0.2583756744861603,-0.15882723033428192,-0.041219212114810944,0.04124302417039871,-0.09124808013439178,0.05250782519578934,0.07410863041877747,0.22670385241508484,0.08459477871656418,0.24050474166870117,-0.02831282839179039,0.14838624000549316,Perfect
3,0.4764910340309143,0.48172974586486816,0.4846652150154114,0.48773494362831116,0.4762631058692932,0.4752817153930664,0.47443023324012756,0.5035760998725891,0.4860103130340576,0.4872264266014099,0.48038235306739807,0.5586658120155334,0.4714418351650238,0.5735129117965698,0.4601868987083435,0.5465596914291382,0.45743775367736816,0.5411010384559631,0.4575014114379883,0.5388602018356323,0.4564642012119293,0.5393752455711365,0.4583613872528076,0.5394386649131775,0.48851433396339417,0.5392946004867554,0.4918173849582672,0.5258750915527344,0.49703216552734375,0.5232217907905579,0.5013794898986816,0.5184005498886108,0.481435626745224,0.18720415234565735,0.1693999022245407,0.16808168590068817,0.16663238406181335,0.17184226214885712,0.17224478721618652,0.17257840931415558,0.1679787039756775,0.17359167337417603,0.20209823548793793,0.20351611077785492,0.2576442360877991,0.2633989155292511,0.392977774143219,0.3961488902568817,0.3597327470779419,0.3628910481929779,0.35096806287765503,0.35875463485717773,0.33479732275009155,0.3380223512649536,0.3368643522262573,0.3391251564025879,0.5149267911911011,0.5184781551361084,0.7109204530715942,0.7096138000488281,0.8736797571182251,0.8608061671257019,0.8883411884307861,0.8797268271446228,0.9450955986976624,0.9288245439529419,-0.09589675068855286,-0.10536088049411774,-0.10540677607059479,-0.10542533546686172,-0.08219234645366669,-0.08219821006059647,-0.08225485682487488,-0.08711405843496323,0.01916423812508583,-0.0840395838022232,-0.05353276804089546,-0.057810790836811066,0.0952095240354538,-0.11927945911884308,0.04613877087831497,-0.26162344217300415,-0.16400855779647827,-0.29207855463027954,-0.19440850615501404,-0.28992223739624023,-0.1979079246520996,-0.25949719548225403,-0.17121437191963196,-0.041224054992198944,0.04124857485294342,-0.08574604243040085,0.05572546273469925,0.07682596147060394,0.22994621098041534,0.08775000274181366,0.24360406398773193,-0.025805186480283737,0.14905259013175964,Perfect
3,0.47676992416381836,0.48185819387435913,0.484744131565094,0.48777684569358826,0.47661346197128296,0.4757184088230133,0.4749538004398346,0.5036018490791321,0.48625022172927856,0.487335205078125,0.48066195845603943,0.558713436126709,0.47230321168899536,0.5735259652137756,0.4601966440677643,0.5466264486312866,0.45893511176109314,0.5409781336784363,0.4599575996398926,0.5391102433204651,0.45900869369506836,0.5395624041557312,0.4603273272514343,0.5391879081726074,0.4884870946407318,0.5390589833259583,0.4917776584625244,0.5258827209472656,0.49663734436035156,0.5232291221618652,0.5011686086654663,0.51773601770401,0.4802623689174652,0.1873030811548233,0.169413760304451,0.1680849939584732,0.16663691401481628,0.17189867794513702,0.17231564223766327,0.17266033589839935,0.1678849160671234,0.17354291677474976,0.20212042331695557,0.20354893803596497,0.2570249140262604,0.26148515939712524,0.39301779866218567,0.3960833251476288,0.35894766449928284,0.35114461183547974,0.34939390420913696,0.33929094672203064,0.3327808082103729,0.3217003345489502,0.33443352580070496,0.3241739571094513,0.5141658186912537,0.5165697932243347,0.7092034816741943,0.7031245827674866,0.8699861168861389,0.8574538230895996,0.8840543031692505,0.8734685182571411,0.9381570816040039,0.9227221012115479,-0.0994269922375679,-0.11015961319208145,-0.11020021140575409,-0.11021208763122559,-0.08588181436061859,-0.08588586747646332,-0.08594632148742676,-0.09642944484949112,0.014293922111392021,-0.08954720199108124,-0.05751869082450867,-0.06716187298297882,0.08883114159107208,-0.1414240300655365,0.03420376777648926,-0.27454936504364014,-0.17616435885429382,-0.3035965859889984,-0.20582962036132812,-0.295179158449173,-0.2067466676235199,-0.2710670828819275,-0.18196351826190948,-0.04223088547587395,0.042236313223838806,-0.08601155877113342,0.0668681338429451,0.07219452410936356,0.24273398518562317,0.08237247169017792,0.25694483518600464,-0.02814745530486107,0.16657866537570953,Perfect
3,0.47709378600120544,0.4820713400840759,0.4848915934562683,0.48787063360214233,0.4771341383457184,0.47638416290283203,0.47577324509620667,0.5036802887916565,0.4870060980319977,0.4874979555606842,0.4811580777168274,0.5587629079818726,0.4730791449546814,0.5736802816390991,0.4602431356906891,0.5465571284294128,0.45978426933288574,0.5409050583839417,0.46105971932411194,0.539289116859436,0.4601679742336273,0.5397029519081116,0.46137651801109314,0.5391877889633179,0.4884923994541168,0.5390588045120239,0.4920003414154053,0.5258532762527466,0.4966493248939514,0.5231363773345947,0.5011832118034363,0.5167095065116882,0.4812381863594055,0.1873130351305008,0.1694059669971466,0.16804173588752747,0.16654875874519348,0.17190439999103546,0.17232170701026917,0.17266640067100525,0.16732603311538696,0.17293211817741394,0.20198141038417816,0.20343178510665894,0.2552812397480011,0.2589952051639557,0.3929857015609741,0.3960925340652466,0.3566453158855438,0.34954196214675903,0.3471596837043762,0.3369371294975281,0.33096787333488464,0.32016465067863464,0.33271124958992004,0.32258129119873047,0.5119743347167969,0.5128394961357117,0.707086443901062,0.6978650689125061,0.869863748550415,0.8577216267585754,0.8846561908721924,0.8742141127586365,0.935688853263855,0.922723650932312,-0.1002189964056015,-0.11032851040363312,-0.11036690324544907,-0.1103685274720192,-0.08600188046693802,-0.08600177615880966,-0.08605597913265228,-0.09386403858661652,0.01773129031062126,-0.08910465240478516,-0.05700992792844772,-0.06181633472442627,0.09304492175579071,-0.14031685888767242,0.04026658460497856,-0.2771657407283783,-0.1741727739572525,-0.30932679772377014,-0.20570871233940125,-0.30173566937446594,-0.20850405097007751,-0.2746194005012512,-0.18080434203147888,-0.04272906109690666,0.042744193226099014,-0.08270274102687836,0.0645311176776886,0.06499636173248291,0.23242413997650146,0.0731760561466217,0.2452961504459381,-0.04267234355211258,0.14948680996894836,Perfect
3,0.47776198387145996,0.48278695344924927,0.48556265234947205,0.48849010467529297,0.4782160222530365,0.47768038511276245,0.4773229956626892,0.5046067237854004,0.48899921774864197,0.4879951477050781,0.4821802079677582,0.5594506859779358,0.47507065534591675,0.5751548409461975,0.4603307843208313,0.5461390018463135,0.4599221348762512,0.5406070947647095,0.4613609313964844,0.5393831729888916,0.46077948808670044,0.5398112535476685,0.4618682265281677,0.539541482925415,0.48927488923072815,0.5392333269119263,0.49242669343948364,0.5258498191833496,0.4961957037448883,0.5231386423110962,0.5011376738548279,0.5195165872573853,0.4805785119533539,0.18706044554710388,0.16893787682056427,0.16751213371753693,0.1660204529762268,0.17140939831733704,0.17173714935779572,0.17198581993579865,0.1665147840976715,0.1713658571243286,0.20103147625923157,0.20268908143043518,0.25327029824256897,0.25666460394859314,0.39226043224334717,0.3956812024116516,0.3520975410938263,0.3453812003135681,0.34154102206230164,0.3329963982105255,0.3260001242160797,0.31664547324180603,0.32905465364456177,0.31886911392211914,0.5114771723747253,0.5113295912742615,0.7072699666023254,0.6974640488624573,0.8706163763999939,0.8592708110809326,0.8857857584953308,0.8754948973655701,0.9361127018928528,0.9232181906700134,-0.09450894594192505,-0.10565737634897232,-0.10569318383932114,-0.10569430887699127,-0.0802331268787384,-0.08023511618375778,-0.08029504120349884,-0.09316260367631912,0.02293025329709053,-0.08494002372026443,-0.05150650069117546,-0.06440924108028412,0.0964740738272667,-0.14796073734760284,0.04013896733522415,-0.28088241815567017,-0.1745927333831787,-0.3129142224788666,-0.2058357298374176,-0.30565470457077026,-0.20773760974407196,-0.2780771851539612,-0.18087880313396454,-0.04427860677242279,0.04430535063147545,-0.0843161791563034,0.06913955509662628,0.03904072940349579,0.22887954115867615,0.0450873002409935,0.24091573059558868,-0.06965665519237518,0.14534421265125275,Perfect
3,0.4788490831851959,0.4837620258331299,0.4865356981754303,0.48942679166793823,0.479112446308136,0.4785512387752533,0.47816815972328186,0.5055407881736755,0.4895951747894287,0.48899921774864197,0.48330527544021606,0.5600740909576416,0.4758867621421814,0.5765486359596252,0.460538774728775,0.5464114546775818,0.46040982007980347,0.5408244729042053,0.46190327405929565,0.5399076342582703,0.461221843957901,0.5404395461082458,0.46221986413002014,0.5397869348526001,0.4896523058414459,0.5394402146339417,0.4929423928260803,0.5261281728744507,0.4962240755558014,0.5232813954353333,0.5012336373329163,0.5187963843345642,0.480541467666626,0.18667151033878326,0.168063223361969,0.16655290126800537,0.1650414764881134,0.1707664281129837,0.17113345861434937,0.1714288890361786,0.16545885801315308,0.17024701833724976,0.19996069371700287,0.2020280808210373,0.2513121962547302,0.2551722228527069,0.3905735909938812,0.3953041434288025,0.3530992865562439,0.34347060322761536,0.343792200088501,0.33236029744148254,0.3286096155643463,0.3161347508430481,0.33060669898986816,0.31816205382347107,0.5100256204605103,0.5093615055084229,0.7058190107345581,0.6964647769927979,0.8709657192230225,0.8594076633453369,0.8863186240196228,0.8757166266441345,0.9371891617774963,0.9222074747085571,-0.10061497986316681,-0.11117373406887054,-0.11121515184640884,-0.1112239807844162,-0.08635561913251877,-0.08635884523391724,-0.0864163339138031,-0.09611576050519943,0.01813710853457451,-0.09006311744451523,-0.057278476655483246,-0.06609277427196503,0.09530302882194519,-0.15050116181373596,0.038315702229738235,-0.2898511290550232,-0.1840457320213318,-0.3231756091117859,-0.21649737656116486,-0.31773415207862854,-0.21931524574756622,-0.2876472473144531,-0.19088491797447205,-0.04522530362010002,0.045266978442668915,-0.08659468591213226,0.07638292014598846,0.02931617759168148,0.23922570049762726,0.034517642110586166,0.2512660026550293,-0.08478794246912003,0.15446308255195618,Perfect
3,0.4795953631401062,0.48460960388183594,0.4874751567840576,0.4904192090034485,0.4797697067260742,0.47915196418762207,0.4787135124206543,0.5066067576408386,0.4900480806827545,0.48975515365600586,0.48392900824546814,0.5603885650634766,0.476003497838974,0.5772437453269958,0.46200332045555115,0.5465551614761353,0.46154505014419556,0.5412036180496216,0.4624806046485901,0.5410352945327759,0.4616163372993469,0.5415129065513611,0.4627639651298523,0.5400779843330383,0.48994988203048706,0.5396801233291626,0.4936316907405853,0.526129424571991,0.4962238371372223,0.5232818722724915,0.5012730956077576,0.5186165571212769,0.48057085275650024,0.18563620746135712,0.16669514775276184,0.16515704989433289,0.16367171704769135,0.16953222453594208,0.16992944478988647,0.17027424275875092,0.16435904800891876,0.16889110207557678,0.19852009415626526,0.20083318650722504,0.2493084818124771,0.2538747787475586,0.38928383588790894,0.3944844901561737,0.35490745306015015,0.3485916554927826,0.34608110785484314,0.3402327001094818,0.3304533064365387,0.3225821256637573,0.33199232816696167,0.3242219090461731,0.5065276026725769,0.5071972012519836,0.7029978632926941,0.6960715651512146,0.871277928352356,0.8596847653388977,0.886698842048645,0.8759454488754272,0.9373213052749634,0.9228062033653259,-0.09914546459913254,-0.10841218382120132,-0.1084543839097023,-0.10846029222011566,-0.08462418615818024,-0.08462648093700409,-0.08467860519886017,-0.08566787838935852,0.023128455504775047,-0.08588828891515732,-0.05452263355255127,-0.05291002243757248,0.10381193459033966,-0.14129018783569336,0.042348939925432205,-0.2837997376918793,-0.17331555485725403,-0.31787070631980896,-0.2060474455356598,-0.31460511684417725,-0.21139097213745117,-0.2825529873371124,-0.18118157982826233,-0.0450943261384964,0.04513825476169586,-0.08798739314079285,0.0699959248304367,0.031512144953012466,0.23199693858623505,0.037033673375844955,0.24208292365074158,-0.0833086222410202,0.1395498365163803,Perfect
3,0.4801158308982849,0.4851401448249817,0.48804178833961487,0.4909873902797699,0.4802706241607666,0.47968778014183044,0.4793033003807068,0.5071769952774048,0.49098095297813416,0.49023017287254333,0.48465967178344727,0.5611546635627747,0.4760373532772064,0.57799232006073,0.46327582001686096,0.5478993654251099,0.4619412422180176,0.5424319505691528,0.46271783113479614,0.5420826077461243,0.4619605541229248,0.5425752997398376,0.46315789222717285,0.5402587652206421,0.4902907907962799,0.5396806001663208,0.4941171109676361,0.5256302356719971,0.49583014845848083,0.522689938545227,0.5009253621101379,0.5172048807144165,0.48055577278137207,0.18504619598388672,0.16583280265331268,0.16423216462135315,0.1627308577299118,0.16880479454994202,0.16921772062778473,0.16958443820476532,0.16362789273262024,0.16805924475193024,0.19773763418197632,0.20025479793548584,0.2470703125,0.2530220150947571,0.3873503506183624,0.39348655939102173,0.3580644726753235,0.35411760210990906,0.3529311418533325,0.34792670607566833,0.3357406258583069,0.330361008644104,0.3360406756401062,0.3312484920024872,0.5045689344406128,0.505256175994873,0.7017837762832642,0.6941666603088379,0.8716235756874084,0.8594069480895996,0.887144923210144,0.8759698867797852,0.9377039670944214,0.9204497337341309,-0.09617681801319122,-0.10462906211614609,-0.10467123985290527,-0.10467598587274551,-0.08136869966983795,-0.08136900514364243,-0.08141671121120453,-0.07844357937574387,0.028103480115532875,-0.08152444660663605,-0.05084174871444702,-0.04660137742757797,0.10897556692361832,-0.1387074887752533,0.05004711076617241,-0.29145941138267517,-0.16806070506572723,-0.3283385634422302,-0.2010953426361084,-0.3255848288536072,-0.2071845829486847,-0.29071444272994995,-0.1761930286884308,-0.04511633142828941,0.04517015069723129,-0.09209581464529037,0.06681998819112778,0.01835278421640396,0.22811159491539001,0.02298044040799141,0.23752085864543915,-0.0964769795536995,0.13627956807613373,Perfect
3,0.48018425703048706,0.48550477623939514,0.4884392321109772,0.491379976272583,0.4807530343532562,0.48030218482017517,0.4800803065299988,0.5077266097068787,0.4925268292427063,0.49033308029174805,0.48490920662879944,0.5619280934333801,0.47634729743003845,0.577955424785614,0.46524643898010254,0.5487644672393799,0.46183881163597107,0.5438606142997742,0.4624665379524231,0.543189525604248,0.46177569031715393,0.5434986352920532,0.463026225566864,0.540580153465271,0.49050864577293396,0.5397939682006836,0.494367778301239,0.5256339907646179,0.49552121758461,0.5226579308509827,0.5006536245346069,0.5170643329620361,0.47974181175231934,0.18309101462364197,0.16393215954303741,0.16250471770763397,0.16118943691253662,0.1665346324443817,0.16680972278118134,0.1670263111591339,0.16293951869010925,0.16618973016738892,0.1960686594247818,0.1985655277967453,0.2463953197002411,0.2525702714920044,0.3871547281742096,0.3906620442867279,0.3603896200656891,0.3574906587600708,0.35642296075820923,0.35230374336242676,0.33827081322669983,0.33520349860191345,0.3381287455558777,0.33577194809913635,0.5032009482383728,0.50388103723526,0.7001667022705078,0.6909707188606262,0.8717117309570312,0.8542857766151428,0.8872222304344177,0.8732216954231262,0.9379072189331055,0.9165340662002563,-0.08969245851039886,-0.09861977398395538,-0.09866746515035629,-0.09867359697818756,-0.07529477030038834,-0.07529651373624802,-0.07535161077976227,-0.0769728571176529,0.02983071468770504,-0.07676245272159576,-0.04605882242321968,-0.048457853496074677,0.10823667049407959,-0.13400372862815857,0.05611608549952507,-0.28747740387916565,-0.16760575771331787,-0.3229876160621643,-0.19975577294826508,-0.32076960802078247,-0.20675499737262726,-0.28662610054016113,-0.17602157592773438,-0.0450654998421669,0.04512352496385574,-0.09302525222301483,0.0684158205986023,0.018255002796649933,0.2303648740053177,0.022888515144586563,0.24137809872627258,-0.09516583383083344,0.14542236924171448,Perfect
3,0.4800989627838135,0.485481321811676,0.48842549324035645,0.4913870692253113,0.4807222783565521,0.4802882671356201,0.48009738326072693,0.5079551935195923,0.493070125579834,0.49032312631607056,0.48485469818115234,0.5623300671577454,0.4762941896915436,0.5779169797897339,0.4655163884162903,0.5487335324287415,0.461573988199234,0.5436145067214966,0.46220794320106506,0.5424241423606873,0.4616836905479431,0.5429574251174927,0.46299344301223755,0.5406097769737244,0.4905163645744324,0.5398043990135193,0.49435290694236755,0.524644136428833,0.49473270773887634,0.5216802954673767,0.49997296929359436,0.5187948942184448,0.47910013794898987,0.18054403364658356,0.16169795393943787,0.16037267446517944,0.15915647149085999,0.16406740248203278,0.16430248320102692,0.16445541381835938,0.16145117580890656,0.16383500397205353,0.19418752193450928,0.1963241547346115,0.24550577998161316,0.2516871988773346,0.3862149119377136,0.3876994252204895,0.3629755675792694,0.36104270815849304,0.3648747205734253,0.36127933859825134,0.34131187200546265,0.3434543311595917,0.3386290967464447,0.34199008345603943,0.5012582540512085,0.5025402903556824,0.6963428258895874,0.6884646415710449,0.8722104430198669,0.8584105372428894,0.8874257206916809,0.8789166212081909,0.9398568272590637,0.9216435551643372,-0.09281299263238907,-0.10110966861248016,-0.10116179287433624,-0.10117526352405548,-0.07770878821611404,-0.07771025598049164,-0.07776212692260742,-0.0746959000825882,0.03196203336119652,-0.07871457189321518,-0.047901831567287445,-0.04404129832983017,0.1101529449224472,-0.12977109849452972,0.06708652526140213,-0.289572536945343,-0.16226759552955627,-0.33053290843963623,-0.19845937192440033,-0.3323237895965576,-0.20474901795387268,-0.29077449440956116,-0.17398300766944885,-0.04429710656404495,0.04438624531030655,-0.09866932779550552,0.03971404582262039,0.011882760562002659,0.17582674324512482,0.016472693532705307,0.18417248129844666,-0.10286976397037506,0.07947753369808197,Perfect
3,0.4796452522277832,0.48537951707839966,0.4883493483066559,0.4913344979286194,0.4806331694126129,0.48025059700012207,0.4800568222999573,0.5079272389411926,0.4930453300476074,0.49009355902671814,0.4845448434352875,0.562572181224823,0.47626185417175293,0.5776407718658447,0.46572646498680115,0.5486642122268677,0.4615502953529358,0.54332035779953,0.4608510434627533,0.5419739484786987,0.461198627948761,0.5425072908401489,0.46294456720352173,0.5409456491470337,0.49055591225624084,0.5397993922233582,0.4941789209842682,0.5242146253585815,0.4938388764858246,0.5216004848480225,0.49971145391464233,0.51763916015625,0.47633665800094604,0.1771731972694397,0.15924005210399628,0.15800584852695465,0.15686291456222534,0.16167446970939636,0.1620839685201645,0.16236665844917297,0.1598588526248932,0.16208712756633759,0.19177421927452087,0.1936723291873932,0.2454257607460022,0.25162070989608765,0.3848249316215515,0.3840304911136627,0.38197195529937744,0.37604767084121704,0.3874402642250061,0.38126567006111145,0.3619043529033661,0.36913955211639404,0.357793390750885,0.36665254831314087,0.5012879371643066,0.5031028985977173,0.6970802545547485,0.6890679597854614,0.8722590804100037,0.8621480464935303,0.8875287175178528,0.8808866739273071,0.9397528767585754,0.9228848218917847,-0.09162731468677521,-0.10052047669887543,-0.10057640075683594,-0.10059992223978043,-0.07566788047552109,-0.07567383348941803,-0.07572084665298462,-0.07883905619382858,0.03334788233041763,-0.07942961901426315,-0.04691484570503235,-0.04798966646194458,0.1115131601691246,-0.12708739936351776,0.08287842571735382,-0.26340559124946594,-0.12931481003761292,-0.30509841442108154,-0.16470715403556824,-0.31107062101364136,-0.1808919757604599,-0.26592904329299927,-0.14247223734855652,-0.046293795108795166,0.04639262706041336,-0.10082544386386871,0.03271496295928955,0.023427914828062057,0.1663193702697754,0.029059510678052902,0.1746426373720169,-0.09422486275434494,0.07432350516319275,Perfect
3,0.4793614447116852,0.4851888120174408,0.4881901741027832,0.49119991064071655,0.4803805351257324,0.48000568151474,0.4798131585121155,0.5079026222229004,0.4929503798484802,0.48996368050575256,0.4843195974826813,0.5626181364059448,0.47622743248939514,0.5776174068450928,0.465109258890152,0.5484926104545593,0.46111708879470825,0.5422830581665039,0.4605374336242676,0.540938675403595,0.46110662817955017,0.5415858030319214,0.46284908056259155,0.5411380529403687,0.49059849977493286,0.539807140827179,0.4939662516117096,0.5241193771362305,0.4934576451778412,0.5216071009635925,0.4996844232082367,0.5176331996917725,0.4749818742275238,0.1763497143983841,0.15850304067134857,0.1571958363056183,0.1559773087501526,0.161140576004982,0.1616535782814026,0.1620299071073532,0.15890225768089294,0.16151206195354462,0.19117867946624756,0.19312195479869843,0.2454063445329666,0.25180748105049133,0.3846204876899719,0.3828977048397064,0.3925134539604187,0.3838910460472107,0.3980507254600525,0.3906143307685852,0.3730333149433136,0.37829601764678955,0.36948463320732117,0.37536242604255676,0.5017474293708801,0.5035662055015564,0.6975817680358887,0.6895732879638672,0.8723741173744202,0.8623239994049072,0.8875643610954285,0.8813263177871704,0.9397447109222412,0.9232038855552673,-0.10279425233602524,-0.11113573610782623,-0.11120083183050156,-0.1112385168671608,-0.08523048460483551,-0.0852372795343399,-0.08527117967605591,-0.08727644383907318,0.03160971403121948,-0.08991360664367676,-0.05601128190755844,-0.06210223585367203,0.10864963382482529,-0.12819410860538483,0.07892701029777527,-0.25919026136398315,-0.13498815894126892,-0.30040091276168823,-0.17021360993385315,-0.3065997064113617,-0.1846839189529419,-0.2616085112094879,-0.1473729908466339,-0.047642163932323456,0.04775815084576607,-0.10324631631374359,0.03922118619084358,0.027752170339226723,0.18290147185325623,0.03405340760946274,0.1922450065612793,-0.08554117381572723,0.09169668704271317,Perfect
4,0.47367215156555176,0.4793190062046051,0.482255220413208,0.48520421981811523,0.47388070821762085,0.4729800820350647,0.4722617566585541,0.5010240077972412,0.4852217137813568,0.48372167348861694,0.47669893503189087,0.5565112829208374,0.46872973442077637,0.5716050863265991,0.4578006863594055,0.5415099859237671,0.45424190163612366,0.5355063080787659,0.45367273688316345,0.5344000458717346,0.4537341594696045,0.5351024866104126,0.4554824233055115,0.5356449484825134,0.48308125138282776,0.5375521183013916,0.48859864473342896,0.526766300201416,0.494002103805542,0.5230265855789185,0.4992416501045227,0.5206471681594849,0.47712159156799316,0.17769400775432587,0.15983910858631134,0.15855339169502258,0.15726622939109802,0.16194970905780792,0.1621798574924469,0.16238078474998474,0.15925893187522888,0.16331547498703003,0.1934790015220642,0.19428083300590515,0.2491074502468109,0.25458595156669617,0.3863350749015808,0.38523009419441223,0.35661303997039795,0.37530064582824707,0.3492920398712158,0.37198606133461,0.33038944005966187,0.35367509722709656,0.33123937249183655,0.3538455069065094,0.5088139176368713,0.5095504522323608,0.6991605758666992,0.6935999989509583,0.8684451580047607,0.8535318970680237,0.8869624733924866,0.8695295453071594,0.9378795027732849,0.9183240532875061,-0.10343833267688751,-0.11282269656658173,-0.11285954713821411,-0.11286456882953644,-0.0889214500784874,-0.08892001956701279,-0.08898864686489105,-0.09583011269569397,0.013819935731589794,-0.09244199097156525,-0.06092571094632149,-0.06212746351957321,0.08394499123096466,-0.14309127628803253,0.04466991126537323,-0.282522588968277,-0.16127683222293854,-0.3141287565231323,-0.19375137984752655,-0.3093034625053406,-0.20714643597602844,-0.2807609736919403,-0.1697883903980255,-0.04198632389307022,0.04198019951581955,-0.09352104365825653,0.06981606036424637,0.037397854030132294,0.2571485638618469,0.04360552504658699,0.2741015553474426,-0.07540172338485718,0.16730621457099915,Perfect
4,0.4721434712409973,0.47781509160995483,0.4807073175907135,0.4836103022098541,0.4723806381225586,0.4715120196342468,0.4708728790283203,0.49874648451805115,0.48363614082336426,0.48173823952674866,0.4748007655143738,0.5547744035720825,0.46729421615600586,0.5706511735916138,0.45595425367355347,0.5403477549552917,0.45388293266296387,0.5350580215454102,0.45369046926498413,0.5342580080032349,0.4537820816040039,0.534756600856781,0.45540595054626465,0.5341308116912842,0.4816780090332031,0.5364832878112793,0.48765620589256287,0.5247125029563904,0.4934155344963074,0.521570086479187,0.4982524514198303,0.5134457349777222,0.4753761291503906,0.17767922580242157,0.15985628962516785,0.15857014060020447,0.15727445483207703,0.16195985674858093,0.16217805445194244,0.1623675674200058,0.159290611743927,0.16334976255893707,0.1931721568107605,0.19391781091690063,0.24899497628211975,0.2532649338245392,0.3864050507545471,0.38524487614631653,0.3478547930717468,0.3641619384288788,0.33812183141708374,0.36140701174736023,0.32079994678497314,0.3406532406806946,0.3228173851966858,0.3409307599067688,0.5082693099975586,0.5081908106803894,0.7003462910652161,0.6946799159049988,0.8709324598312378,0.8556143641471863,0.8891535997390747,0.8717071413993835,0.9385225772857666,0.9203934669494629,-0.10782812535762787,-0.11711710691452026,-0.11715500056743622,-0.11716431379318237,-0.0934477150440216,-0.09344863146543503,-0.0935177281498909,-0.09920843690633774,0.009361384436488152,-0.09635774791240692,-0.06519854813814163,-0.06620785593986511,0.08204349130392075,-0.14370954036712646,0.036258287727832794,-0.27909618616104126,-0.1698288768529892,-0.30996447801589966,-0.20208856463432312,-0.3063461184501648,-0.2078760415315628,-0.27761977910995483,-0.17661741375923157,-0.0420767106115818,0.042081430554389954,-0.08831841498613358,0.07438291609287262,0.042231153696775436,0.24941854178905487,0.04937718063592911,0.2642527222633362,-0.06831464171409607,0.16586998105049133,Perfect
4,0.47039803862571716,0.47574442625045776,0.4785444736480713,0.4813002049922943,0.4708191454410553,0.4701899588108063,0.4697839319705963,0.4971691071987152,0.4831813871860504,0.4802943766117096,0.4738387167453766,0.5536227822303772,0.4668639302253723,0.569287896156311,0.4537397027015686,0.5384196043014526,0.45372509956359863,0.5336431860923767,0.4536397457122803,0.5328987836837769,0.45357823371887207,0.5329384803771973,0.45506149530410767,0.5325167179107666,0.48055386543273926,0.5351365804672241,0.48615533113479614,0.5231168866157532,0.49165844917297363,0.5196267366409302,0.49648427963256836,0.5139296054840088,0.47536247968673706,0.17758719623088837,0.15981386601924896,0.15854106843471527,0.15726780891418457,0.16192594170570374,0.16214726865291595,0.16234184801578522,0.15930752456188202,0.16337814927101135,0.1928412914276123,0.19369766116142273,0.24883736670017242,0.2526753842830658,0.3862393796443939,0.38630348443984985,0.34116029739379883,0.34285783767700195,0.3310215473175049,0.3315610885620117,0.315115362405777,0.31314584612846375,0.3176901638507843,0.3153750002384186,0.5060893297195435,0.5047048926353455,0.7008914947509766,0.6944277286529541,0.8708524703979492,0.8561935424804688,0.8892806768417358,0.8723435997962952,0.9389182925224304,0.919559895992279,-0.0991974025964737,-0.10961786657571793,-0.10965345799922943,-0.10965406894683838,-0.08497834950685501,-0.08498304337263107,-0.08504872024059296,-0.09752319008111954,0.015239213593304157,-0.09005855023860931,-0.05759335681796074,-0.06464733183383942,0.08242267370223999,-0.1447371244430542,0.029878610745072365,-0.28087306022644043,-0.1798577606678009,-0.3116263747215271,-0.21122780442237854,-0.3053715229034424,-0.21173465251922607,-0.27850908041000366,-0.18512044847011566,-0.04111560061573982,0.04110458120703697,-0.08339860290288925,0.07235613465309143,0.04306373372673988,0.24731218814849854,0.049522437155246735,0.2624795734882355,-0.06930426508188248,0.16221371293067932,Perfect
4,0.4689304828643799,0.47413796186447144,0.47693777084350586,0.47969165444374084,0.4694191813468933,0.46889591217041016,0.4685879647731781,0.49602073431015015,0.48251789808273315,0.47898927330970764,0.4726131558418274,0.5526491403579712,0.46649059653282166,0.5672755837440491,0.4529752731323242,0.5363225936889648,0.453759104013443,0.5324693918228149,0.4538043439388275,0.5322977304458618,0.45364221930503845,0.5319391489028931,0.45508241653442383,0.5309585332870483,0.4792174696922302,0.5335386991500854,0.48490381240844727,0.5218738913536072,0.48975133895874023,0.5192954540252686,0.49503618478775024,0.5134775042533875,0.47343602776527405,0.17737463116645813,0.1596522331237793,0.15840934216976166,0.15718354284763336,0.16170454025268555,0.1619020253419876,0.16207437217235565,0.15931010246276855,0.16330908238887787,0.19245773553848267,0.19329994916915894,0.2488388866186142,0.2521187663078308,0.3862258493900299,0.3869163393974304,0.33761438727378845,0.3372562825679779,0.3222824037075043,0.3247345983982086,0.3067598044872284,0.30611589550971985,0.31080323457717896,0.30855417251586914,0.5060526132583618,0.5046355128288269,0.700965166091919,0.6925337314605713,0.86833256483078,0.8510670065879822,0.8843636512756348,0.8661805987358093,0.9368213415145874,0.915054976940155,-0.10945580899715424,-0.11620138585567474,-0.11626187711954117,-0.11628387868404388,-0.09367413073778152,-0.09367004781961441,-0.09371615201234818,-0.11407463252544403,0.006518857087939978,-0.09333708882331848,-0.06420671939849854,-0.08167563378810883,0.0724562555551529,-0.1664724349975586,0.009865803644061089,-0.2887972295284271,-0.20803746581077576,-0.3144780099391937,-0.23914632201194763,-0.3124241530895233,-0.23707160353660583,-0.2829669117927551,-0.2128715217113495,-0.0418546162545681,0.041828639805316925,-0.08491425216197968,0.09082496166229248,0.043372832238674164,0.2754761576652527,0.0504181906580925,0.2908019423484802,-0.0667991191148758,0.20073072612285614,Perfect
4,0.4676786959171295,0.4725673794746399,0.4753359258174896,0.4781191945075989,0.46796828508377075,0.4675005376338959,0.467210590839386,0.49435701966285706,0.4808434844017029,0.477802038192749,0.47148650884628296,0.5508214235305786,0.4654086232185364,0.5661068558692932,0.4512249529361725,0.5346757769584656,0.45364609360694885,0.5309349298477173,0.45350056886672974,0.5308594107627869,0.45315247774124146,0.5303120017051697,0.45463234186172485,0.529840886592865,0.47810596227645874,0.5326775312423706,0.48403340578079224,0.5215731859207153,0.48955368995666504,0.5191752910614014,0.4950334131717682,0.5156171321868896,0.47352319955825806,0.17707984149456024,0.15928252041339874,0.1580694019794464,0.15686383843421936,0.16128072142601013,0.16148285567760468,0.16166353225708008,0.15910139679908752,0.1630662977695465,0.1921330988407135,0.19306303560733795,0.24870476126670837,0.2518392503261566,0.3861783444881439,0.38767150044441223,0.33236202597618103,0.32915401458740234,0.31407037377357483,0.3141390085220337,0.2957785129547119,0.29618555307388306,0.3031052350997925,0.2999821901321411,0.5059114098548889,0.504429817199707,0.7009455561637878,0.6925337314605713,0.8660752177238464,0.8503608703613281,0.8839281797409058,0.8651801943778992,0.9359458684921265,0.9145585894584656,-0.11927447468042374,-0.12944695353507996,-0.12949751317501068,-0.12950025498867035,-0.10439057648181915,-0.1043996661901474,-0.10447309166193008,-0.12309311330318451,-0.003011686960235238,-0.10798215866088867,-0.07541535049676895,-0.08696983754634857,0.06831737607717514,-0.1761969029903412,0.004244403913617134,-0.3046533465385437,-0.2196807563304901,-0.33196598291397095,-0.2512087821960449,-0.3219660520553589,-0.2500206530094147,-0.29928499460220337,-0.2249501645565033,-0.04192543774843216,0.04190540313720703,-0.08285689353942871,0.0892958864569664,0.04447278752923012,0.2691236138343811,0.05105959624052048,0.2833656072616577,-0.06898252665996552,0.18894164264202118,Perfect
4,0.46719613671302795,0.4720934331417084,0.4748513698577881,0.4776432514190674,0.4674685001373291,0.4669906198978424,0.46668481826782227,0.49370232224464417,0.4801030158996582,0.47738751769065857,0.47111549973487854,0.5505927801132202,0.4652255177497864,0.565839946269989,0.45082706212997437,0.5341254472732544,0.45355790853500366,0.5305467844009399,0.45313677191734314,0.5304696559906006,0.4525677263736725,0.5299128293991089,0.4541788697242737,0.5294932126998901,0.47778135538101196,0.531725287437439,0.48349785804748535,0.5209659934043884,0.48895302414894104,0.5186519622802734,0.4946459233760834,0.5157071352005005,0.4723994731903076,0.17703233659267426,0.1592419594526291,0.158029243350029,0.15682384371757507,0.16123159229755402,0.16142788529396057,0.16160249710083008,0.15899546444416046,0.1630275845527649,0.19208164513111115,0.19301339983940125,0.24857425689697266,0.25116923451423645,0.38602378964424133,0.38779717683792114,0.3327924609184265,0.3232004940509796,0.31452885270118713,0.30610740184783936,0.2976051867008209,0.29106372594833374,0.30323338508605957,0.29532328248023987,0.5058629512786865,0.5040920972824097,0.7011587023735046,0.6933952569961548,0.8642802834510803,0.8503799438476562,0.8797433376312256,0.8667255640029907,0.9353334903717041,0.9146164059638977,-0.11976758390665054,-0.13183213770389557,-0.13187465071678162,-0.13187536597251892,-0.10531632602214813,-0.10532592236995697,-0.10540132224559784,-0.12489593029022217,-0.003714275313541293,-0.11058487743139267,-0.07606164366006851,-0.08869874477386475,0.06919790059328079,-0.1767096221446991,0.006329319439828396,-0.30303436517715454,-0.2204236537218094,-0.33166658878326416,-0.2525424361228943,-0.32223090529441833,-0.2522229552268982,-0.2986789345741272,-0.22631731629371643,-0.0429236963391304,0.04290153458714485,-0.0775180384516716,0.08394606411457062,0.0604705810546875,0.2619510889053345,0.06774624437093735,0.2732986807823181,-0.050742316991090775,0.1777457296848297,Perfect
4,0.4675634801387787,0.4725725054740906,0.47536349296569824,0.47818341851234436,0.46783971786499023,0.46732497215270996,0.46698275208473206,0.4942435324192047,0.4803238809108734,0.47778740525245667,0.4711931347846985,0.5507946014404297,0.46529603004455566,0.5653810501098633,0.45111793279647827,0.5348055362701416,0.4534444212913513,0.530827522277832,0.4530300199985504,0.5305423736572266,0.45251575112342834,0.5301163792610168,0.45413938164711,0.5298469662666321,0.47815221548080444,0.5319322943687439,0.4836897850036621,0.5196207761764526,0.4879397451877594,0.516370952129364,0.49278682470321655,0.517508864402771,0.47283634543418884,0.17714627087116241,0.1592877060174942,0.15805231034755707,0.1568295806646347,0.16134007275104523,0.16153843700885773,0.16171307861804962,0.15885277092456818,0.1630350798368454,0.19209323823451996,0.19307519495487213,0.2477618157863617,0.2503032982349396,0.3860160708427429,0.3877946734428406,0.33267492055892944,0.32042714953422546,0.31467515230178833,0.30427053570747375,0.29759645462036133,0.2898400127887726,0.3026183545589447,0.2936137616634369,0.5026206374168396,0.5012423992156982,0.6984713077545166,0.6900190711021423,0.8643118143081665,0.850791335105896,0.879784882068634,0.8675944805145264,0.935581386089325,0.9146353006362915,-0.11339682340621948,-0.12236641347408295,-0.12240823358297348,-0.12240494787693024,-0.09854182600975037,-0.0985444039106369,-0.0986093059182167,-0.10101903975009918,0.007049111183732748,-0.10062016546726227,-0.06938759237527847,-0.06200157850980759,0.0789630115032196,-0.15608714520931244,0.01504961121827364,-0.30159133672714233,-0.2105237990617752,-0.3319177031517029,-0.24336877465248108,-0.32297539710998535,-0.24499575793743134,-0.2980777621269226,-0.217062309384346,-0.03919679671525955,0.039221249520778656,-0.07794201374053955,0.06218637898564339,0.035894256085157394,0.22277405858039856,0.040894217789173126,0.2339247167110443,-0.08210843056440353,0.13124819099903107,Perfect
4,0.4676961898803711,0.47282806038856506,0.4756565988063812,0.47850221395492554,0.4680646061897278,0.4675504267215729,0.46719890832901,0.4946097433567047,0.4804305136203766,0.4778512120246887,0.47135767340660095,0.5509822368621826,0.4651336073875427,0.565189003944397,0.45099014043807983,0.5352163314819336,0.4533960223197937,0.5311092734336853,0.45300501585006714,0.5307379364967346,0.4525182843208313,0.5303687453269958,0.45414891839027405,0.5300910472869873,0.47839587926864624,0.5321011543273926,0.4837455749511719,0.5190594792366028,0.4866103231906891,0.5155810117721558,0.49097734689712524,0.5177325010299683,0.4729216694831848,0.1771499365568161,0.15927469730377197,0.15802770853042603,0.15678615868091583,0.1613454818725586,0.16154547035694122,0.16172128915786743,0.15857240557670593,0.162948876619339,0.19209133088588715,0.1930811107158661,0.24725782871246338,0.24988022446632385,0.3861042857170105,0.38775211572647095,0.3318854868412018,0.31870195269584656,0.31443357467651367,0.30272650718688965,0.29757753014564514,0.2881227135658264,0.30237340927124023,0.29179951548576355,0.5009698867797852,0.4999125599861145,0.6967279314994812,0.6883056163787842,0.8641548156738281,0.8490844964981079,0.8775205612182617,0.8669993281364441,0.9355790615081787,0.9144456386566162,-0.11389802396297455,-0.12449945509433746,-0.1245494857430458,-0.12456301599740982,-0.09873556345701218,-0.09874039143323898,-0.09881550818681717,-0.10456712543964386,0.0063079362735152245,-0.10331320762634277,-0.07011355459690094,-0.0650596171617508,0.07879011332988739,-0.15621599555015564,0.01252206601202488,-0.3067391812801361,-0.2167520970106125,-0.338304340839386,-0.24961917102336884,-0.3309163749217987,-0.25062793493270874,-0.30401644110679626,-0.22292277216911316,-0.03833230212330818,0.03835431858897209,-0.07885156571865082,0.06302041560411453,0.03624096140265465,0.2277098447084427,0.041666243225336075,0.2397259920835495,-0.08225048333406448,0.13866540789604187,Perfect
4,0.4687413275241852,0.4735315442085266,0.4763331413269043,0.47916775941848755,0.4687764644622803,0.46812230348587036,0.4676223695278168,0.4947800636291504,0.48048657178878784,0.4793826937675476,0.47293224930763245,0.5513660907745361,0.46565547585487366,0.5657774209976196,0.45148247480392456,0.5354881882667542,0.4539821147918701,0.5311722159385681,0.4537160396575928,0.5313931703567505,0.45294657349586487,0.5307744741439819,0.4546531140804291,0.5309410691261292,0.47925901412963867,0.5326282978057861,0.48423224687576294,0.5197407007217407,0.48664426803588867,0.5158494710922241,0.4913923144340515,0.5229325294494629,0.473320871591568,0.17667751014232635,0.1584998071193695,0.15728053450584412,0.1560356318950653,0.16061517596244812,0.16085751354694366,0.16106857359409332,0.15753845870494843,0.1618601530790329,0.19185441732406616,0.19280920922756195,0.24721099436283112,0.2498410940170288,0.38651469349861145,0.38881102204322815,0.3312159776687622,0.3253473937511444,0.312200665473938,0.30945125222206116,0.2964152693748474,0.2939903438091278,0.3018750846385956,0.2976952791213989,0.5044416785240173,0.5027897357940674,0.7010469436645508,0.6950798034667969,0.8750452399253845,0.8515759110450745,0.8899957537651062,0.872198224067688,0.9399265646934509,0.9155858159065247,-0.14175252616405487,-0.15168027579784393,-0.1517401486635208,-0.15174850821495056,-0.12712450325489044,-0.12713634967803955,-0.1272270679473877,-0.1255418062210083,-0.014645609073340893,-0.1268726885318756,-0.09482836723327637,-0.08202999830245972,0.0712830200791359,-0.17905193567276,0.00459246663376689,-0.33414191007614136,-0.23347628116607666,-0.367880254983902,-0.266674280166626,-0.3608943819999695,-0.2685323655605316,-0.33136963844299316,-0.24014361202716827,-0.038614802062511444,0.03863007202744484,-0.08324155956506729,0.07532016932964325,0.031270600855350494,0.2549721896648407,0.03637352213263512,0.26825401186943054,-0.0915420800447464,0.16249535977840424,Perfect
4,0.4706716537475586,0.47530674934387207,0.47808876633644104,0.4809268116950989,0.4705842137336731,0.4699140191078186,0.46936845779418945,0.49682098627090454,0.4818829596042633,0.4816214442253113,0.47542470693588257,0.5528632998466492,0.4673975110054016,0.5670005679130554,0.45348817110061646,0.5373938679695129,0.45643824338912964,0.5338656306266785,0.4561905264854431,0.5345679521560669,0.45506978034973145,0.5338624715805054,0.4568820893764496,0.5320646166801453,0.4808279871940613,0.5334840416908264,0.48539844155311584,0.5218139886856079,0.487966388463974,0.5172950029373169,0.492623507976532,0.5238603353500366,0.4738738536834717,0.17586424946784973,0.15739917755126953,0.15625417232513428,0.15506482124328613,0.15952743589878082,0.1598558872938156,0.16011638939380646,0.15659959614276886,0.16069141030311584,0.19138486683368683,0.19244706630706787,0.24707388877868652,0.24950449168682098,0.38667407631874084,0.38898566365242004,0.33135920763015747,0.32828351855278015,0.3129355013370514,0.31207507848739624,0.29729607701301575,0.29648905992507935,0.3027016520500183,0.3003919720649719,0.505809485912323,0.5034162998199463,0.7032905220985413,0.698176383972168,0.8765449523925781,0.8527218103408813,0.8929212093353271,0.8724892735481262,0.9412418007850647,0.9156887531280518,-0.1447547972202301,-0.15495416522026062,-0.1550162136554718,-0.15502510964870453,-0.1306130290031433,-0.13062496483325958,-0.130716010928154,-0.13056133687496185,-0.01944594457745552,-0.13016678392887115,-0.09827904403209686,-0.08836298435926437,0.06790488958358765,-0.1827182173728943,0.0035728872753679752,-0.3356246054172516,-0.23188801109790802,-0.36926424503326416,-0.2645775079727173,-0.3628440499305725,-0.26766467094421387,-0.333172082901001,-0.23910820484161377,-0.040249962359666824,0.04028945416212082,-0.08369125425815582,0.08933192491531372,0.023564891889691353,0.2714030146598816,0.02755259908735752,0.28495436906814575,-0.10157217085361481,0.18319621682167053,Perfect
4,0.47191810607910156,0.476656049489975,0.47952955961227417,0.48245173692703247,0.471874862909317,0.47122064232826233,0.47069016098976135,0.49885469675064087,0.4831239581108093,0.48281869292259216,0.47659048438072205,0.5540248155593872,0.4682837426662445,0.5677417516708374,0.45488953590393066,0.5388709902763367,0.45650893449783325,0.5351070761680603,0.456756591796875,0.5358055233955383,0.45574504137039185,0.5353692770004272,0.4574182629585266,0.5325741171836853,0.4819445013999939,0.5340511798858643,0.486823707818985,0.5233811140060425,0.4895865321159363,0.5192685127258301,0.49421197175979614,0.5234519243240356,0.4741751551628113,0.17548277974128723,0.15667279064655304,0.15549321472644806,0.15424832701683044,0.15877509117126465,0.1590721607208252,0.1592993289232254,0.15529844164848328,0.15921474993228912,0.19060005247592926,0.19189393520355225,0.24539536237716675,0.2470552623271942,0.3860732913017273,0.38821420073509216,0.3298438489437103,0.32990652322769165,0.3099443316459656,0.3143644630908966,0.29430678486824036,0.29821860790252686,0.3009284436702728,0.3018982708454132,0.5058836340904236,0.5036242008209229,0.7094965577125549,0.7033581733703613,0.8774269223213196,0.8593450784683228,0.8938160538673401,0.8776718378067017,0.9434925317764282,0.9222226738929749,-0.12679478526115417,-0.1385066956281662,-0.1385635882616043,-0.13858166337013245,-0.11269370466470718,-0.11269750446081161,-0.11277445405721664,-0.11973936855792999,-0.0022153323516249657,-0.11389423906803131,-0.08026325702667236,-0.08701875805854797,0.08621452748775482,-0.1776074916124344,0.018030978739261627,-0.3337402939796448,-0.2233673334121704,-0.36823374032974243,-0.2534380257129669,-0.355029821395874,-0.254868745803833,-0.3285251557826996,-0.23044677078723907,-0.045416686683893204,0.04548999294638634,-0.08415855467319489,0.08552085608243942,0.028331845998764038,0.26646363735198975,0.033180709928274155,0.28208357095718384,-0.09231919050216675,0.17974671721458435,Perfect
4,0.47269120812416077,0.47741469740867615,0.4803047180175781,0.48324981331825256,0.4726554751396179,0.47202879190444946,0.47153085470199585,0.4998265206813812,0.48370933532714844,0.48341163992881775,0.4771847724914551,0.5544968843460083,0.46851006150245667,0.5688081383705139,0.4550040662288666,0.5388813018798828,0.4564642012119293,0.5350702404975891,0.45690760016441345,0.5357310175895691,0.4559200406074524,0.5353522300720215,0.4574696123600006,0.532989501953125,0.48285865783691406,0.5341281890869141,0.48725947737693787,0.5233728289604187,0.48999911546707153,0.5192533135414124,0.4946810305118561,0.5233238935470581,0.4743644595146179,0.17511767148971558,0.15613797307014465,0.1549437940120697,0.15367697179317474,0.1582416146993637,0.15851840376853943,0.1587250977754593,0.15428563952445984,0.15800969302654266,0.1897260695695877,0.19116246700286865,0.24322739243507385,0.24455761909484863,0.38482123613357544,0.38726890087127686,0.33111095428466797,0.33118873834609985,0.3133760392665863,0.3166118264198303,0.29726237058639526,0.3004140257835388,0.3028554618358612,0.30368611216545105,0.5046302080154419,0.503253161907196,0.708785891532898,0.7027316093444824,0.8772739768028259,0.858934760093689,0.8929595351219177,0.8782801032066345,0.943381667137146,0.9220663905143738,-0.11609689891338348,-0.12685921788215637,-0.126905158162117,-0.12691622972488403,-0.10188625752925873,-0.1018887311220169,-0.10195456445217133,-0.1068047508597374,0.007472625467926264,-0.10283293575048447,-0.07014002650976181,-0.07569552212953568,0.09397776424884796,-0.16644170880317688,0.031367432326078415,-0.31434527039527893,-0.19856739044189453,-0.34907066822052,-0.2295067310333252,-0.3380979597568512,-0.2318563014268875,-0.3101148009300232,-0.20544488728046417,-0.04762639105319977,0.04770008474588394,-0.08445762097835541,0.08337976038455963,0.03027740679681301,0.25489944219589233,0.035678256303071976,0.2676750123500824,-0.09206348657608032,0.16669659316539764,Perfect
4,0.4732871651649475,0.47809457778930664,0.48098427057266235,0.483953058719635,0.4733334183692932,0.47273144125938416,0.47228437662124634,0.5007514357566833,0.48464518785476685,0.4840027391910553,0.4776957631111145,0.5547110438346863,0.46872639656066895,0.5694411993026733,0.4559859335422516,0.5388299226760864,0.4564186632633209,0.534430742263794,0.45683568716049194,0.534728467464447,0.4559101462364197,0.534760057926178,0.4574449956417084,0.5335648059844971,0.483342707157135,0.5345426201820374,0.4876984655857086,0.5249103307723999,0.4902345538139343,0.5210777521133423,0.4949989318847656,0.5232780575752258,0.4743789732456207,0.17363353073596954,0.1542854756116867,0.1529792994260788,0.15161092579364777,0.15644222497940063,0.15665338933467865,0.15676259994506836,0.15186017751693726,0.15512575209140778,0.1876297891139984,0.1891993135213852,0.2401016503572464,0.2414168417453766,0.38137465715408325,0.38436782360076904,0.3350968360900879,0.3317992687225342,0.3219709098339081,0.3205093741416931,0.3058619201183319,0.3025132417678833,0.30880168080329895,0.30479803681373596,0.5021188855171204,0.5017639398574829,0.7055613398551941,0.7016515731811523,0.8769592046737671,0.8586165308952332,0.8924099206924438,0.8782801032066345,0.9429931640625,0.9218171238899231,-0.11839629709720612,-0.12890827655792236,-0.12895604968070984,-0.12896642088890076,-0.10409434139728546,-0.104097880423069,-0.10416535288095474,-0.10844016075134277,0.005189744755625725,-0.10514646768569946,-0.07261873781681061,-0.07614733278751373,0.09238044917583466,-0.16296176612377167,0.03642380237579346,-0.3100062906742096,-0.19245418906211853,-0.34648382663726807,-0.22517018020153046,-0.3380591869354248,-0.22974137961864471,-0.30732008814811707,-0.2001776397228241,-0.05095012113451958,0.051031094044446945,-0.0935484990477562,0.08921533077955246,0.01545269601047039,0.2621312737464905,0.019925523549318314,0.27482157945632935,-0.10641906410455704,0.17395558953285217,Perfect
4,0.4733765721321106,0.4783247411251068,0.48121705651283264,0.48421207070350647,0.47359099984169006,0.4730125069618225,0.4726038873195648,0.5011124610900879,0.48499584197998047,0.48402801156044006,0.4777069091796875,0.5548895001411438,0.4689197540283203,0.5697739720344543,0.4565444886684418,0.5388382077217102,0.45639127492904663,0.5343822240829468,0.45675745606422424,0.5345330834388733,0.4557192325592041,0.534633457660675,0.4573538899421692,0.533846378326416,0.483563095331192,0.534796953201294,0.487900972366333,0.5258460640907288,0.49026814103126526,0.5223838090896606,0.4952102601528168,0.5218016505241394,0.4731927812099457,0.17255258560180664,0.15314406156539917,0.15192502737045288,0.15063278377056122,0.1550147831439972,0.15513280034065247,0.15515506267547607,0.1510748714208603,0.15385721623897552,0.18670885264873505,0.18805177509784698,0.23864425718784332,0.24012595415115356,0.3797105550765991,0.3832486867904663,0.3371919095516205,0.3320402503013611,0.3260885775089264,0.3220028579235077,0.3097115755081177,0.3035232424736023,0.3116569519042969,0.3053147792816162,0.5010799169540405,0.5012201070785522,0.7041546106338501,0.7015384435653687,0.8768959045410156,0.85841304063797,0.8920238018035889,0.8780902624130249,0.9463500380516052,0.921518862247467,-0.11712747812271118,-0.12792082130908966,-0.12796998023986816,-0.12797828018665314,-0.10312303155660629,-0.1031293272972107,-0.10319800674915314,-0.1084824651479721,0.005147428251802921,-0.10424993187189102,-0.07169408351182938,-0.07650171965360641,0.09196744114160538,-0.16008318960666656,0.03816227242350578,-0.3000701367855072,-0.18683944642543793,-0.334634006023407,-0.2192501276731491,-0.3299039602279663,-0.22426959872245789,-0.29816120862960815,-0.19462810456752777,-0.05192479491233826,0.05200213938951492,-0.09528360515832901,0.09095966815948486,0.013943389058113098,0.2635735869407654,0.01850343868136406,0.27631866931915283,-0.10561834275722504,0.17720766365528107,Perfect
4,0.4730674624443054,0.4781745374202728,0.48111528158187866,0.4841679036617279,0.4734322130680084,0.4728921353816986,0.4725152552127838,0.5010643601417542,0.4849778711795807,0.48391193151474,0.4775325357913971,0.5548955202102661,0.468564510345459,0.5696011781692505,0.4567504823207855,0.5364958047866821,0.45225197076797485,0.531039834022522,0.45136457681655884,0.5297626256942749,0.4512372612953186,0.5305825471878052,0.453051894903183,0.5338469743728638,0.4835542142391205,0.5348109006881714,0.4878961443901062,0.5247842073440552,0.48963817954063416,0.5207139253616333,0.4946783185005188,0.5217593312263489,0.4715600609779358,0.16789083182811737,0.1491197645664215,0.14800278842449188,0.146820530295372,0.15099866688251495,0.15110242366790771,0.1510513573884964,0.14781606197357178,0.14959949254989624,0.18236477673053741,0.18371199071407318,0.2352486550807953,0.23863381147384644,0.3767988085746765,0.37467625737190247,0.35594940185546875,0.3541964590549469,0.35817962884902954,0.3571561276912689,0.33489105105400085,0.33942922949790955,0.3328661322593689,0.33747345209121704,0.4991299510002136,0.5001877546310425,0.7035099864006042,0.6945358514785767,0.8764585852622986,0.8582997918128967,0.8917481899261475,0.8780367374420166,0.9458383321762085,0.9205456972122192,-0.10466897487640381,-0.11450789868831635,-0.1145722046494484,-0.11459169536828995,-0.0894976332783699,-0.08950261026620865,-0.08956249803304672,-0.0932382270693779,0.02086787112057209,-0.09154845029115677,-0.058780062943696976,-0.06752078235149384,0.10471393167972565,-0.14544828236103058,0.07029079645872116,-0.29195576906204224,-0.14587441086769104,-0.33071213960647583,-0.17957264184951782,-0.3288772702217102,-0.19295652210712433,-0.2916282117366791,-0.157197967171669,-0.051330871880054474,0.05139515548944473,-0.10048341751098633,0.06812332570552826,0.023037554696202278,0.2448052167892456,0.031224768608808517,0.25796329975128174,-0.08793662488460541,0.15777292847633362,Perfect
4,0.4725072979927063,0.4778969883918762,0.4808746874332428,0.4839720129966736,0.47311273217201233,0.47259530425071716,0.47223639488220215,0.5009604692459106,0.484882116317749,0.4835280776023865,0.4769919812679291,0.5548543334007263,0.4679702818393707,0.5695262551307678,0.4561043679714203,0.5359814167022705,0.45122313499450684,0.5297077894210815,0.45078545808792114,0.5281307101249695,0.45111194252967834,0.5291183590888977,0.45297130942344666,0.5338469743728638,0.4835112988948822,0.5347755551338196,0.48781031370162964,0.5237837433815002,0.489044725894928,0.5198987722396851,0.4943775236606598,0.5201388597488403,0.4685511589050293,0.16389639675617218,0.14607909321784973,0.14506879448890686,0.14400623738765717,0.14778678119182587,0.14783330261707306,0.14768759906291962,0.14573653042316437,0.14680375158786774,0.17892330884933472,0.18008193373680115,0.23322562873363495,0.23808042705059052,0.37386375665664673,0.3715640902519226,0.3690926730632782,0.3640962839126587,0.379803329706192,0.3713492155075073,0.35583215951919556,0.3563990592956543,0.35061928629875183,0.35342705249786377,0.4964187741279602,0.49922460317611694,0.6988963484764099,0.6910272240638733,0.8761758804321289,0.8561252355575562,0.8915497064590454,0.876279890537262,0.9409534931182861,0.9140008687973022,-0.11203117668628693,-0.11940215528011322,-0.11949708312749863,-0.11954358965158463,-0.09428909420967102,-0.09429727494716644,-0.09432927519083023,-0.09757165610790253,0.015836035832762718,-0.09680815786123276,-0.0636247992515564,-0.06952879577875137,0.09926275908946991,-0.13983309268951416,0.06462977826595306,-0.2783283591270447,-0.15245573222637177,-0.31813880801200867,-0.1871064007282257,-0.32152336835861206,-0.2010692059993744,-0.27978184819221497,-0.1641824096441269,-0.05093739554286003,0.051010776311159134,-0.10449697077274323,0.06933417916297913,0.024085333570837975,0.24523010849952698,0.03125445544719696,0.2581212818622589,-0.09081633388996124,0.15773719549179077,Perfect
4,0.4717681407928467,0.47746390104293823,0.48047155141830444,0.48359742760658264,0.4726134240627289,0.4721056818962097,0.4717540740966797,0.5007756352424622,0.48485836386680603,0.4830663204193115,0.4763701856136322,0.5548096895217896,0.46760550141334534,0.5695115327835083,0.45626410841941833,0.5356972217559814,0.4503782391548157,0.5276814103126526,0.4491082727909088,0.525661289691925,0.44964224100112915,0.5270848274230957,0.4518219828605652,0.5339233875274658,0.4834960401058197,0.534791886806488,0.4871351718902588,0.524146556854248,0.4884667992591858,0.5209715366363525,0.49420779943466187,0.5203153491020203,0.46695709228515625,0.1622038632631302,0.14425310492515564,0.14327499270439148,0.14222568273544312,0.14582839608192444,0.14586083590984344,0.14570319652557373,0.14441196620464325,0.14554935693740845,0.17802166938781738,0.17907896637916565,0.2315971553325653,0.23780356347560883,0.3706715404987335,0.3719276487827301,0.3849036395549774,0.37442317605018616,0.40286004543304443,0.381801575422287,0.3765295743942261,0.367502897977829,0.3683309257030487,0.3641175925731659,0.4952423572540283,0.49901458621025085,0.6932893395423889,0.6851702928543091,0.864169716835022,0.8443312644958496,0.8854825496673584,0.8644097447395325,0.929577112197876,0.9009978175163269,-0.16801029443740845,-0.17844584584236145,-0.17851051688194275,-0.17853407561779022,-0.1531805396080017,-0.15320034325122833,-0.15326951444149017,-0.15963318943977356,-0.04364529252052307,-0.1555047333240509,-0.12206623703241348,-0.12456101179122925,0.045841045677661896,-0.16182127594947815,0.055061083287000656,-0.2852591872215271,-0.15550610423088074,-0.3226289749145508,-0.18805065751075745,-0.3273463547229767,-0.20662769675254822,-0.2849375605583191,-0.16857978701591492,-0.050810109823942184,0.050894252955913544,-0.1028193011879921,0.08279432356357574,0.03449689596891403,0.2757725715637207,0.0423627570271492,0.2902138829231262,-0.07913604378700256,0.19561734795570374,Perfect
